ind,ponto,ponto,especie,ctMm,cpMm,massaG
1,27,ponto27,Cichlasoma paranaense,108.5,86.1,30.3
2,11,ponto11,Rhamdia quelen,170.8,140.1,44.3
3,11,ponto11,Rhamdia quelen,117.9,95.9,14.7
4,1,ponto01,Rhamdia quelen,120.5,99.3,16.3
5,15,ponto15,Rhamdia quelen,86.2,68.6,5.1
6,45,ponto45,Psalidodon gr. fasciatus,66.6,53.3,3.2
7,27,ponto27,Psalidodon gr. fasciatus,93.6,81,12.8
8,46,ponto46,Psalidodon gr. fasciatus,81.7,67.4,7
9,46,ponto46,Psalidodon gr. fasciatus,69.1,53.6,3.7
10,33,ponto33,Cichlasoma paranaense,53.4,41.6,2.6
11,43,ponto43,Characidium gomesi,62.6,48.5,2
12,43,ponto43,Characidium gomesi,73.1,61.7,3.9
13,15,ponto15,Rhamdia quelen,107.2,89.5,8.7
14,51,ponto51,Ancistrus aguaboensis,69.9,67,6.7
15,51,ponto51,Ancistrus aguaboensis,62.4,50.8,3.9
16,51,ponto51,Ancistrus aguaboensis,61.9,50.2,4
17,51,ponto51,Ancistrus aguaboensis,58.8,48.2,3.8
18,51,ponto51,Ancistrus aguaboensis,57.2,44.2,2.9
19,51,ponto51,Ancistrus aguaboensis,46.8,37.7,1.7
20,51,ponto51,Ancistrus aguaboensis,52.8,41,2.3
21,51,ponto51,Ancistrus aguaboensis,40.7,31.2,1
22,51,ponto51,Ancistrus aguaboensis,58.3,46.6,3.7
23,51,ponto51,Ancistrus aguaboensis,58.4,46.2,3.7
24,51,ponto51,Astyanax cf. goyanensis,85.6,69.5,9.1
25,51,ponto51,Astyanax cf. goyanensis,73.1,59.6,5
26,51,ponto51,Astyanax cf. goyanensis,80,66.6,7.4
27,51,ponto51,Astyanax cf. goyanensis,74.5,61.7,5.7
28,51,ponto51,Astyanax cf. goyanensis,51.7,42.7,1.7
29,15,ponto15,Psalidodon gr. fasciatus,89.1,65.9,6.8
30,15,ponto15,Psalidodon gr. fasciatus,97.1,79.2,8.4
31,15,ponto15,Psalidodon gr. fasciatus,107.1,90.3,19.1
32,15,ponto15,Psalidodon gr. fasciatus,81.1,66.2,7.2
33,44,ponto44,Psalidodon gr. fasciatus,75.2,61.4,4.3
34,44,ponto44,Psalidodon gr. fasciatus,72.2,57.4,3.4
35,44,ponto44,Psalidodon gr. fasciatus,63,51.7,2.4
36,44,ponto44,Psalidodon gr. fasciatus,56.4,44.8,1.8
37,44,ponto44,Psalidodon gr. fasciatus,64.7,53,2.4
38,44,ponto44,Psalidodon gr. fasciatus,64.2,51.9,2.2
39,44,ponto44,Psalidodon gr. fasciatus,55.6,44.4,1.9
40,20,ponto20,Psalidodon gr. fasciatus,75.2,61.9,6.2
41,20,ponto20,Psalidodon gr. fasciatus,76.6,67.2,7.4
42,20,ponto20,Psalidodon gr. fasciatus,82.4,68.3,7.1
43,20,ponto20,Hypostomus sp.2,90,67.4,8.9
44,13,ponto13,Psalidodon gr. fasciatus,70.7,59.1,3.7
45,13,ponto13,Psalidodon gr. fasciatus,59.4,48.5,2
46,13,ponto13,Psalidodon gr. fasciatus,33.9,28.2,0.2643
47,22,ponto22,Psalidodon gr. fasciatus,93.7,79.2,11.2
48,22,ponto22,Psalidodon gr. fasciatus,78.7,64.1,6.8
49,22,ponto22,Psalidodon gr. fasciatus,67.2,55.7,3.6
50,22,ponto22,Psalidodon gr. fasciatus,77.8,63.1,5.9
51,22,ponto22,Psalidodon gr. fasciatus,69.5,57.1,4.4
52,22,ponto22,Psalidodon gr. fasciatus,82.5,68.4,7.7
53,22,ponto22,Psalidodon gr. fasciatus,83.7,68.2,8
54,22,ponto22,Psalidodon gr. fasciatus,76.3,65.9,6.2
55,22,ponto22,Psalidodon gr. fasciatus,66.2,56.1,5
56,22,ponto22,Psalidodon gr. fasciatus,73.5,60.2,5.3
57,22,ponto22,Psalidodon gr. fasciatus,79.8,64,6.4
58,22,ponto22,Psalidodon gr. fasciatus,86.1,71.5,8.9
59,22,ponto22,Psalidodon gr. fasciatus,102.4,84.5,13.4
60,22,ponto22,Psalidodon gr. fasciatus,95.2,79.3,12.9
61,22,ponto22,Psalidodon gr. fasciatus,66.2,53.7,3.5
62,22,ponto22,Psalidodon gr. fasciatus,58.9,48.5,2.8
63,22,ponto22,Psalidodon gr. fasciatus,57.9,48.9,2.6
64,22,ponto22,Psalidodon gr. fasciatus,70.6,58.7,4.3
65,22,ponto22,Psalidodon gr. fasciatus,85,69.8,7.7
66,22,ponto22,Psalidodon gr. fasciatus,65.2,53.4,3.5
67,22,ponto22,Psalidodon gr. fasciatus,73,58.4,4.7
68,22,ponto22,Psalidodon gr. fasciatus,91.9,76.3,11.5
69,22,ponto22,Psalidodon gr. fasciatus,61.5,49.9,3.2
70,22,ponto22,Psalidodon gr. fasciatus,63.4,51.9,3.1
71,21,ponto21,Psalidodon gr. fasciatus,77.2,63.6,6
72,21,ponto21,Psalidodon gr. fasciatus,57.1,46.9,2.2
73,21,ponto21,Psalidodon gr. fasciatus,67.3,54.7,3.9
74,21,ponto21,Psalidodon gr. fasciatus,45.6,36.3,1.1
75,21,ponto21,Psalidodon gr. fasciatus,51,41.5,2
76,21,ponto21,Psalidodon gr. fasciatus,69,55.6,4.1
77,21,ponto21,Psalidodon gr. fasciatus,46.5,37.6,1.3
78,21,ponto21,Psalidodon gr. fasciatus,64.2,51.6,3.2
79,21,ponto21,Psalidodon gr. fasciatus,46.5,37,1.1
80,21,ponto21,Psalidodon gr. fasciatus,63,51.4,3.2
81,21,ponto21,Psalidodon gr. fasciatus,53.7,42.2,1.8
82,21,ponto21,Psalidodon gr. fasciatus,55.8,45.6,2.3
83,21,ponto21,Psalidodon gr. fasciatus,52.8,42.9,1.7
84,21,ponto21,Psalidodon gr. fasciatus,50.1,40.6,1.5
85,21,ponto21,Psalidodon gr. fasciatus,50.9,43,1.7
86,21,ponto21,Psalidodon gr. fasciatus,48.2,40.1,1.6
87,21,ponto21,Psalidodon gr. fasciatus,52.7,42.5,1.8
88,21,ponto21,Psalidodon gr. fasciatus,44.8,35.6,1.1
89,21,ponto21,Psalidodon gr. fasciatus,45,36.2,1
90,21,ponto21,Psalidodon gr. fasciatus,44.2,35.2,1.1
91,21,ponto21,Psalidodon gr. fasciatus,40.3,31.9,0.7724
92,21,ponto21,Psalidodon gr. fasciatus,40.3,32.2,0.8245
93,21,ponto21,Psalidodon gr. fasciatus,41.3,33,0.8586
94,21,ponto21,Psalidodon gr. fasciatus,34.9,27.4,0.5312
95,29,ponto29,Psalidodon gr. fasciatus,60.4,49.3,3.1
96,29,ponto29,Psalidodon gr. fasciatus,45.3,35.2,1
97,29,ponto29,Psalidodon gr. fasciatus,45.5,34.9,1
98,29,ponto29,Psalidodon gr. fasciatus,41.5,33,0.8057
99,50,ponto50,Knodus cf. chapadae,55.1,45.6,1.7
100,50,ponto50,Knodus cf. chapadae,49.7,38.9,1
101,50,ponto50,Knodus cf. chapadae,48.2,39.3,1.1
102,50,ponto50,Knodus cf. chapadae,40.7,33.2,0.6394
103,50,ponto50,Knodus cf. chapadae,32,25.8,0.3374
104,50,ponto50,Knodus cf. chapadae,25.7,21.2,0.2065
105,50,ponto50,Knodus cf. chapadae,25,21.5,0.2177
106,50,ponto50,Knodus cf. chapadae,29,23.9,0.257
107,33,ponto33,Phalloceros harpagos,39.7,31,0.7697
108,33,ponto33,Phalloceros harpagos,37.2,30,0.6467
109,33,ponto33,Phalloceros harpagos,22,17.5,0.1054
110,20,ponto20,Psalidodon gr. fasciatus,76.2,61.8,4
111,20,ponto20,Psalidodon gr. fasciatus,60.5,49.9,2.6
112,15,ponto15,Astyanax bimaculatus,72,58.9,4.3
113,28,ponto28,Moenkhausia cf. aurantia,42.3,32.3,0.46
114,19,ponto19,Psalidodon gr. fasciatus,67.9,54.3,2.8
115,19,ponto19,Psalidodon gr. fasciatus,54.9,43.9,1.4
116,19,ponto19,Psalidodon gr. fasciatus,31,24.4,0.2505
117,30,ponto30,Psalidodon gr. fasciatus,67.4,53.1,3
118,30,ponto30,Psalidodon gr. fasciatus,69.3,55.8,3.6
119,30,ponto30,Psalidodon gr. fasciatus,61.2,49.4,1.9
120,30,ponto30,Psalidodon gr. fasciatus,45.9,37.1,1.1
121,23,ponto23,Psalidodon gr. fasciatus,64.8,53.2,3.1
122,23,ponto23,Psalidodon gr. fasciatus,48.8,40.4,1.3
123,23,ponto23,Psalidodon gr. fasciatus,34.9,28.1,0.4575
124,29,ponto29,Hasemania hanseni,31.3,25.3,0.2922
125,39,ponto39,Psalidodon gr. fasciatus,64.8,53.1,3.5
126,39,ponto39,Psalidodon gr. fasciatus,55.9,45.6,2
127,39,ponto39,Psalidodon gr. fasciatus,50.3,41.1,1.6
128,39,ponto39,Psalidodon gr. fasciatus,62.1,50.8,2.9
129,39,ponto39,Psalidodon gr. fasciatus,55.2,45.4,2.1
130,39,ponto39,Psalidodon gr. fasciatus,62,51.2,3
131,39,ponto39,Psalidodon gr. fasciatus,57.8,46,2.3
132,39,ponto39,Psalidodon gr. fasciatus,54.5,43.3,2
133,39,ponto39,Psalidodon gr. fasciatus,52,42.1,1.7
134,39,ponto39,Psalidodon gr. fasciatus,50.7,40.9,1.6
135,39,ponto39,Psalidodon gr. fasciatus,25.7,21,0.2595
136,39,ponto39,Psalidodon gr. fasciatus,21.1,16.1,0.0945
137,52,ponto52,Apareoidon machrisi,53.5,44,1.9
138,49,ponto49,Characidium fasciatum,35.9,28.1,0.4329
139,49,ponto49,Characidium fasciatum,46,37.6,0.8539
140,49,ponto49,Characidium fasciatum,34.6,28.2,0.4205
141,49,ponto49,Characidium fasciatum,32.8,26.8,0.3634
142,15,ponto15,Psalidodon gr. fasciatus,67.5,61.7,5.5
143,15,ponto15,Psalidodon gr. fasciatus,72.8,58.1,5.5
144,47,ponto47,Imparfinis borodini,54,44.3,0.833
145,47,ponto47,Imparfinis borodini,46.3,39.9,0.6025
146,47,ponto47,Imparfinis borodini,60.1,49.1,1.1
147,30,ponto30,Psalidodon gr. fasciatus,51.6,42,1.3
148,52,ponto52,Moenkhausia cf. aurantia,48.8,37.3,1.1
149,52,ponto52,Moenkhausia cf. aurantia,50.7,40.2,1.6
150,52,ponto52,Moenkhausia cf. aurantia,51.1,41.3,1.5
151,52,ponto52,Moenkhausia cf. aurantia,35,29.1,0.5346
152,14,ponto14,Psalidodon gr. fasciatus,80.7,66.1,5.9
153,14,ponto14,Psalidodon gr. fasciatus,58.3,46.1,1.9
154,14,ponto14,Psalidodon gr. fasciatus,53,43.6,1.5
155,21,ponto21,Psalidodon gr. fasciatus,59.1,47.5,1.8
156,21,ponto21,Psalidodon gr. fasciatus,34.7,27.9,0.392
157,21,ponto21,Psalidodon gr. fasciatus,30.4,24.2,0.2736
158,21,ponto21,Psalidodon gr. fasciatus,27.5,21.4,0.1693
159,28,ponto28,Psalidodon gr. fasciatus,48.8,39.8,1
160,28,ponto28,Psalidodon gr. fasciatus,28.1,23.7,0.2287
161,28,ponto28,Psalidodon gr. fasciatus,29,23.6,0.209
162,35,ponto35,Psalidodon gr. fasciatus,44.9,36.5,0.8617
163,35,ponto35,Psalidodon gr. fasciatus,36.5,31.1,0.4469
164,35,ponto35,Psalidodon gr. fasciatus,41,35.2,0.7794
165,29,ponto29,Psalidodon gr. fasciatus,50.9,42.3,1.1
166,15,ponto15,Moenkhausia cf. aurantia,56.3,45.9,1.9
167,47,ponto47,Moenkhausia cf. aurantia,48.6,39.2,1.1
168,47,ponto47,Moenkhausia cf. aurantia,51.9,42.9,1.5
169,47,ponto47,Moenkhausia cf. aurantia,49.8,39.8,1.3
170,47,ponto47,Moenkhausia cf. aurantia,51.1,41.1,1.4
171,47,ponto47,Moenkhausia cf. aurantia,51.3,40.8,1.3
172,47,ponto47,Moenkhausia cf. aurantia,43.2,35.6,0.958
173,47,ponto47,Moenkhausia cf. aurantia,46.6,38.5,1
174,47,ponto47,Moenkhausia cf. aurantia,53.3,42.9,1.5
175,47,ponto47,Moenkhausia cf. aurantia,49.8,40.7,1.3
176,47,ponto47,Moenkhausia cf. aurantia,49,39.8,1.2
177,47,ponto47,Moenkhausia cf. aurantia,48.1,38.7,1.1
178,47,ponto47,Moenkhausia cf. aurantia,44.2,35.1,0.931
179,36,ponto36,Psalidodon gr. fasciatus,56,46.4,2.2
180,36,ponto36,Psalidodon gr. fasciatus,72.5,58,4
181,37,ponto37,Psalidodon gr. fasciatus,34,27.5,0.3206
182,37,ponto37,Psalidodon gr. fasciatus,39.1,32.2,0.503
183,37,ponto37,Psalidodon gr. fasciatus,35.8,29,0.3595
184,32,ponto32,Psalidodon gr. fasciatus,68.3,55.7,3.4
185,32,ponto32,Psalidodon gr. fasciatus,56.7,45.8,1.4
186,32,ponto32,Psalidodon gr. fasciatus,37.8,30,0.5288
187,32,ponto32,Psalidodon gr. fasciatus,42.6,34.7,0.8226
188,32,ponto32,Psalidodon gr. fasciatus,54.4,44.9,1.5
189,32,ponto32,Psalidodon gr. fasciatus,37.6,30.9,0.5233
190,32,ponto32,Psalidodon gr. fasciatus,32,26.6,0.3064
191,47,ponto47,Knodus cf. chapadae,69.6,57.9,3.8
192,47,ponto47,Knodus cf. chapadae,61.1,51.3,2.7
193,47,ponto47,Knodus cf. chapadae,41.5,34.9,0.7836
194,47,ponto47,Knodus cf. chapadae,57,47.5,2
195,47,ponto47,Knodus cf. chapadae,31.8,26.9,0.3789
196,47,ponto47,Knodus cf. chapadae,45.8,38.7,1.1
197,47,ponto47,Knodus cf. chapadae,57.8,47.7,2.3
198,47,ponto47,Knodus cf. chapadae,58.2,50.2,2.3
199,47,ponto47,Knodus cf. chapadae,40.9,34,0.7449
200,47,ponto47,Knodus cf. chapadae,37.4,32.1,0.559
201,47,ponto47,Knodus cf. chapadae,36.5,31.5,0.5928
202,47,ponto47,Knodus cf. chapadae,51.9,43.6,1.5
203,47,ponto47,Knodus cf. chapadae,41.3,33.3,0.8265
204,47,ponto47,Knodus cf. chapadae,40.6,33.4,0.7527
205,47,ponto47,Knodus cf. chapadae,34.7,28,0.4151
206,27,ponto27,Crenicichla britskii,48.1,39.2,0.969
207,27,ponto27,Crenicichla britskii,46.1,39.7,0.847
208,25,ponto25,Psalidodon gr. fasciatus,38.2,30.5,0.3766
209,25,ponto25,Psalidodon gr. fasciatus,41.9,33.1,0.492
210,25,ponto25,Psalidodon gr. fasciatus,31.1,24.3,0.2261
211,22,ponto22,Psalidodon gr. fasciatus,58.7,47.5,1.7
212,22,ponto22,Psalidodon gr. fasciatus,39.6,33.2,0.631
213,33,ponto33,Moenkhausia cf. aurantia,39.4,31.4,0.6323
214,33,ponto33,Moenkhausia cf. aurantia,64,51,2.9
215,33,ponto33,Moenkhausia cf. aurantia,43.2,34.2,0.7625
216,33,ponto33,Moenkhausia cf. aurantia,44.6,35.1,0.8928
217,33,ponto33,Moenkhausia cf. aurantia,44.9,35.8,0.9604
218,33,ponto33,Moenkhausia cf. aurantia,42.8,32.8,0.8246
219,33,ponto33,Moenkhausia cf. aurantia,40.1,30.7,0.6248
220,33,ponto33,Moenkhausia cf. aurantia,40.4,32,0.6388
221,33,ponto33,Moenkhausia cf. aurantia,45.6,36,0.9093
222,33,ponto33,Moenkhausia cf. aurantia,54.6,45.5,2
223,33,ponto33,Moenkhausia cf. aurantia,41.3,32.8,0.7055
224,33,ponto33,Moenkhausia cf. aurantia,43.7,33.8,0.8077
225,33,ponto33,Moenkhausia cf. aurantia,55.5,44.5,1.8
226,33,ponto33,Moenkhausia cf. aurantia,37.8,29,0.4866
227,33,ponto33,Moenkhausia cf. aurantia,38.9,30.8,0.5536
228,27,ponto27,Moenkhausia cf. aurantia,32.1,25.3,0.3051
229,27,ponto27,Moenkhausia cf. aurantia,32.5,25.4,0.2887
230,27,ponto27,Moenkhausia cf. aurantia,37,28.5,0.3715
231,27,ponto27,Moenkhausia cf. aurantia,35,27.6,0.3655
232,27,ponto27,Moenkhausia cf. aurantia,32.7,25.5,0.2995
233,27,ponto27,Moenkhausia cf. aurantia,35.4,28,0.3988
234,27,ponto27,Moenkhausia cf. aurantia,29.7,23.9,0.2684
235,27,ponto27,Moenkhausia cf. aurantia,28.3,24.5,0.2693
236,27,ponto27,Moenkhausia cf. aurantia,33.1,26.4,0.3084
237,27,ponto27,Moenkhausia cf. aurantia,32.5,25.8,0.3248
238,27,ponto27,Moenkhausia cf. aurantia,29,21.9,0.2089
239,27,ponto27,Moenkhausia cf. aurantia,28.1,21.9,0.1787
240,27,ponto27,Moenkhausia cf. aurantia,26.7,22.1,0.2233
241,27,ponto27,Moenkhausia cf. aurantia,31.4,25.6,0.2763
242,27,ponto27,Moenkhausia cf. aurantia,31.2,25.2,0.2546
243,28,ponto28,Characidium zebra,33,27.4,0.278
244,28,ponto28,Characidium zebra,47.7,39.9,0.8996
245,28,ponto28,Characidium zebra,37.9,31.3,0.425
246,28,ponto28,Characidium zebra,34.6,28.3,0.3092
247,36,ponto36,Hasemania hanseni,21.7,17.6,0.071
248,39,ponto39,Poecilia reticulata,37.9,29.5,0.6959
249,39,ponto39,Poecilia reticulata,29.3,23.3,0.2979
250,39,ponto39,Poecilia reticulata,29.3,23.5,0.2911
251,39,ponto39,Poecilia reticulata,30.1,23.8,0.3554
252,39,ponto39,Poecilia reticulata,28.1,20.1,0.195
253,39,ponto39,Poecilia reticulata,36.3,28.6,0.5316
254,39,ponto39,Poecilia reticulata,23.4,19.1,0.157
255,39,ponto39,Poecilia reticulata,39.2,30.3,0.8148
256,31,ponto31,Hypostomus crulsi,54,40,2.2
257,29,ponto29,Characidium gomesi,61.3,51.6,1.9
258,29,ponto29,Characidium gomesi,63.4,54.3,1.8
259,29,ponto29,Hasemania hanseni,31.6,26.2,0.2222
260,31,ponto31,Hasemania hanseni,34.8,28,0.3367
261,33,ponto33,Psalidodon gr. fasciatus,24.2,19.5,0.1459
262,33,ponto33,Psalidodon gr. fasciatus,54.8,44.3,1.8
263,33,ponto33,Psalidodon gr. fasciatus,58,47.2,2.2
264,33,ponto33,Psalidodon gr. fasciatus,53.9,43.7,1.8
265,36,ponto36,Moenkhausia cf. aurantia,36.3,27.6,0.4317
266,36,ponto36,Moenkhausia cf. aurantia,37.7,29.1,0.5469
267,36,ponto36,Moenkhausia cf. aurantia,37.7,28.8,0.4545
268,36,ponto36,Moenkhausia cf. aurantia,33.5,26,0.3306
269,36,ponto36,Moenkhausia cf. aurantia,33.2,24.9,0.287
270,36,ponto36,Moenkhausia cf. aurantia,35.9,27,0.3677
271,36,ponto36,Moenkhausia cf. aurantia,28.2,20.5,0.1777
272,33,ponto33,Hypostomus crulsi,69.3,55.9,4.4
273,47,ponto47,Apareoidon machrisi,47.5,39.2,1.1
274,47,ponto47,Apareoidon machrisi,23.1,18.5,0.1147
275,50,ponto50,Astyanax cf. goyanensis,66.1,52.8,3.4
276,50,ponto50,Astyanax cf. goyanensis,56.3,45.9,2.1
277,50,ponto50,Astyanax cf. goyanensis,42,34.7,0.8215
278,50,ponto50,Astyanax cf. goyanensis,52.7,43,1.5
279,50,ponto50,Astyanax cf. goyanensis,34.3,28,0.4612
280,50,ponto50,Astyanax cf. goyanensis,39.4,31.7,0.679
281,50,ponto50,Astyanax cf. goyanensis,27.4,23.8,0.236
282,50,ponto50,Astyanax cf. goyanensis,28.4,23.5,0.2624
283,26,ponto26,Hypostomus crulsi,60,43.7,3.1
284,26,ponto26,Hypostomus crulsi,64.1,47.5,3.5
285,26,ponto26,Hypostomus crulsi,41.4,30.1,0.9214
286,47,ponto47,Characidium fasciatum,44.3,35.8,0.7064
287,47,ponto47,Characidium fasciatum,42.7,35,0.6573
288,47,ponto47,Characidium fasciatum,41.6,34.4,0.687
289,47,ponto47,Characidium fasciatum,40.7,33.1,0.5948
290,47,ponto47,Characidium fasciatum,39.8,32.9,0.6178
291,47,ponto47,Characidium fasciatum,40.9,31.3,0.582
292,47,ponto47,Characidium fasciatum,41.3,33.3,0.6539
293,47,ponto47,Characidium fasciatum,43.4,35.4,0.743
294,47,ponto47,Characidium fasciatum,38,31.3,0.5004
295,36,ponto36,Psalidodon gr. fasciatus,27.3,21.6,0.2105
296,36,ponto36,Psalidodon gr. fasciatus,30.2,24.9,0.3008
297,36,ponto36,Psalidodon gr. fasciatus,24.5,19,0.1142
298,36,ponto36,Psalidodon gr. fasciatus,31.6,25.7,0.3751
299,36,ponto36,Psalidodon gr. fasciatus,25.3,19.6,0.1442
300,36,ponto36,Psalidodon gr. fasciatus,26.1,20.6,0.1855
301,36,ponto36,Psalidodon gr. fasciatus,23,19.2,0.1652
302,27,ponto27,Hoplias malabaricus,60.2,49.1,1.9088
303,27,ponto27,Hoplias malabaricus,68.9,56.2,3.3387
304,43,ponto43,Cetopsorhamdia iheringi,56.1,44.6,1.0582
305,15,ponto15,Planaltina myersi,63.5,51.6,2.2503
306,52,ponto52,Ancistrus aguaboensis,64.4,47.6,4.043
307,52,ponto52,Ancistrus aguaboensis,48.3,37.2,1.3808
308,9,ponto09,Hasemania hanseni,37.1,29.8,0.4211
309,9,ponto09,Hasemania hanseni,35.5,28,0.3648
310,43,ponto43,Psalidodon gr. fasciatus,60,48.2,2.2743
311,49,ponto49,Astyanax cf. goyanensis,58.8,47.7,2.8013
312,49,ponto49,Astyanax cf. goyanensis,36.2,29.1,0.5692
313,49,ponto49,Astyanax cf. goyanensis,45.6,36.1,1.1181
314,49,ponto49,Astyanax cf. goyanensis,38.7,31.7,0.7074
315,49,ponto49,Astyanax cf. goyanensis,30.9,24.2,0.2984
316,49,ponto49,Astyanax cf. goyanensis,34.4,27.4,0.4866
317,49,ponto49,Astyanax cf. goyanensis,38.1,30.9,0.6022
318,49,ponto49,Astyanax cf. goyanensis,27.4,21.6,0.225
319,49,ponto49,Astyanax cf. goyanensis,24.3,19.2,0.1563
320,32,ponto32,Microlepidogaster longicolla,36.5,28.3,0.3013
321,32,ponto32,Microlepidogaster longicolla,36.1,28.7,0.317
322,32,ponto32,Microlepidogaster longicolla,30,23.6,0.1674
323,42,ponto42,Microlepidogaster longicolla,37.9,30.2,0.3441
324,42,ponto42,Microlepidogaster longicolla,36.2,29.6,0.2988
325,27,ponto27,Hasemania hanseni,26.7,21.7,0.1565
326,27,ponto27,Hasemania hanseni,25.8,21.3,0.1615
327,27,ponto27,Hasemania hanseni,24.8,19.8,0.1103
328,27,ponto27,Hasemania hanseni,24.2,19.5,0.1023
329,27,ponto27,Hasemania hanseni,22.1,18.3,0.0868
330,27,ponto27,Hasemania hanseni,25.5,19.9,0.121
331,27,ponto27,Hasemania hanseni,20.8,16.6,0.0853
332,27,ponto27,Hasemania hanseni,20.8,16.7,0.0783
333,27,ponto27,Hasemania hanseni,22.9,18.4,0.0964
334,27,ponto27,Hasemania hanseni,19.4,16.2,0.0774
335,27,ponto27,Hasemania hanseni,23.7,19.2,0.1096
336,27,ponto27,Hasemania hanseni,27,21.8,0.1557
337,27,ponto27,Hasemania hanseni,23.3,18.4,0.1036
338,27,ponto27,Hasemania hanseni,31.2,24.9,0.2223
339,27,ponto27,Hasemania hanseni,24.2,19,0.1021
340,27,ponto27,Hasemania hanseni,20.6,16.2,0.0643
341,27,ponto27,Hasemania hanseni,22.3,18.1,0.089
342,27,ponto27,Hasemania hanseni,21.8,18.3,0.0942
343,27,ponto27,Hasemania hanseni,23.3,18.9,0.1103
344,27,ponto27,Hasemania hanseni,22.3,18.2,0.0912
345,27,ponto27,Hasemania hanseni,20.2,16.2,0.0694
346,27,ponto27,Hasemania hanseni,19.2,15.5,0.0512
347,27,ponto27,Hasemania hanseni,17.3,13.9,0.0361
348,27,ponto27,Hasemania hanseni,19.5,15.8,0.0763
349,27,ponto27,Characidium zebra,35.4,29.1,0.3445
350,27,ponto27,Characidium zebra,24.1,20.5,0.1313
351,27,ponto27,Characidium zebra,23.1,19.2,0.1015
352,27,ponto27,Characidium zebra,27.2,22.6,0.1553
353,27,ponto27,Characidium zebra,20.6,16.9,0.064
354,27,ponto27,Characidium zebra,22.8,18.7,0.087
355,27,ponto27,Characidium zebra,21.4,17.5,0.0824
356,27,ponto27,Characidium zebra,35.9,30.4,0.4182
357,49,ponto49,Ancistrus aguaboensis,36,25.8,0.5496
358,49,ponto49,Ancistrus aguaboensis,37,27.7,0.6167
359,49,ponto49,Ancistrus aguaboensis,25.2,20,0.1609
360,49,ponto49,Ancistrus aguaboensis,22.8,18.9,0.1326
361,15,ponto15,Knodus moenkhausii,39.1,31.7,0.5343
362,15,ponto15,Knodus moenkhausii,53.8,44.2,1.3616
363,15,ponto15,Knodus moenkhausii,47,38.1,0.8979
364,15,ponto15,Knodus moenkhausii,50.8,40.8,1.0718
365,15,ponto15,Knodus moenkhausii,32.6,26.5,0.2784
366,15,ponto15,Knodus moenkhausii,45.6,35.6,0.6245
367,15,ponto15,Knodus moenkhausii,35.8,28.6,0.4186
368,15,ponto15,Knodus moenkhausii,29,23.6,0.1992
369,15,ponto15,Knodus moenkhausii,25.8,21.1,0.1226
370,15,ponto15,Knodus moenkhausii,32.2,26.3,0.2733
371,15,ponto15,Knodus moenkhausii,44.6,35.3,0.7804
372,15,ponto15,Knodus moenkhausii,51.5,41.6,0.9937
373,15,ponto15,Knodus moenkhausii,37.3,29.6,0.4545
374,15,ponto15,Knodus moenkhausii,29.8,24.7,0.2307
375,15,ponto15,Knodus moenkhausii,29.1,24.2,0.177
376,15,ponto15,Knodus moenkhausii,25.2,21.1,0.1429
377,15,ponto15,Knodus moenkhausii,37.6,30.9,0.4928
378,15,ponto15,Knodus moenkhausii,39.7,32.6,0.4822
379,15,ponto15,Knodus moenkhausii,32.2,26.7,0.2888
380,15,ponto15,Knodus moenkhausii,29.8,24.4,0.2031
381,15,ponto15,Knodus moenkhausii,47.3,38.6,0.8875
382,15,ponto15,Knodus moenkhausii,28.8,23.9,0.1618
383,15,ponto15,Knodus moenkhausii,30.4,25.1,0.2498
384,15,ponto15,Knodus moenkhausii,34.5,27.9,0.3317
385,15,ponto15,Knodus moenkhausii,32.4,26.4,0.2793
386,15,ponto15,Knodus moenkhausii,29.1,24.1,0.1715
387,15,ponto15,Knodus moenkhausii,29.6,25.4,0.2895
388,25,ponto25,Heptapterus sp.,59.4,51.1,1.0705
389,52,ponto52,Knodus cf. chapadae,66.2,53.8,3.0694
390,52,ponto52,Knodus cf. chapadae,55.9,45.6,2.1286
391,15,ponto15,Poecilia reticulata,23,18.1,0.089
392,15,ponto15,Poecilia reticulata,20.6,16.8,0.0698
393,48,ponto48,Astyanax cf. goyanensis,48.1,39.4,1.3406
394,48,ponto48,Astyanax cf. goyanensis,48.8,40.5,1.4129
395,48,ponto48,Astyanax cf. goyanensis,37.3,29.2,0.6821
396,48,ponto48,Astyanax cf. goyanensis,33.1,26.5,0.385
397,48,ponto48,Astyanax cf. goyanensis,22.7,18.6,0.136
398,48,ponto48,Astyanax cf. goyanensis,19.3,15.9,0.0908
399,29,ponto29,Hypostomus crulsi,71.9,57.3,4.1183
400,29,ponto29,Hypostomus crulsi,80,59.6,5.7058
401,15,ponto15,Hypostomus ancistroides,59,42.3,1.5113
402,41,ponto41,Xiphophorus hellerii,34.8,26.4,0.4816
403,30,ponto30,Heptapterus sp.,76.3,65.4,2.204
404,26,ponto26,Heptapterus sp.,67.1,56.4,1.6852
405,26,ponto26,Heptapterus sp.,63.5,53.7,1.6016
406,52,ponto52,Imparfinis borodini,82.2,71.5,2.6772
407,40,ponto40,Xiphophorus hellerii,55,43.6,2.2811
408,40,ponto40,Xiphophorus hellerii,57.8,47.5,2.3474
409,36,ponto36,Psalidodon gr. fasciatus,37.9,30.1,0.4941
410,36,ponto36,Psalidodon gr. fasciatus,36.6,28.2,0.3476
411,36,ponto36,Psalidodon gr. fasciatus,22.6,19,0.1306
412,35,ponto35,Microlepidogaster longicolla,45.9,36.5,0.6743
413,35,ponto35,Microlepidogaster longicolla,49,40.1,0.7939
414,35,ponto35,Microlepidogaster longicolla,43.6,35.7,0.4887
415,50,ponto50,Corumbataia tocantinensis,47.2,40.2,0.9374
416,50,ponto50,Corumbataia tocantinensis,47.5,38.8,0.9437
417,50,ponto50,Corumbataia tocantinensis,38.9,31.8,0.4705
418,50,ponto50,Corumbataia tocantinensis,40.4,31.9,0.5352
419,50,ponto50,Corumbataia tocantinensis,33.9,27.8,0.3125
420,42,ponto42,Poecilia reticulata,27.7,21.8,0.2615
421,42,ponto42,Poecilia reticulata,31.7,25.8,0.3542
422,42,ponto42,Poecilia reticulata,32.6,25.1,0.428
423,42,ponto42,Poecilia reticulata,31.4,24.7,0.3479
424,42,ponto42,Poecilia reticulata,33.3,26.5,0.4058
425,42,ponto42,Poecilia reticulata,22.8,17.6,0.1312
426,42,ponto42,Poecilia reticulata,30.7,23.9,0.3655
427,42,ponto42,Poecilia reticulata,27.2,21.1,0.235
428,42,ponto42,Poecilia reticulata,20.2,15.4,0.0852
429,42,ponto42,Poecilia reticulata,16.4,13.7,0.054
430,42,ponto42,Poecilia reticulata,23.4,19,0.1509
431,42,ponto42,Poecilia reticulata,21.5,17.8,0.111
432,42,ponto42,Poecilia reticulata,20.5,15.7,0.0898
433,42,ponto42,Poecilia reticulata,19.4,15.5,0.088
434,42,ponto42,Poecilia reticulata,17.3,13.7,0.0684
435,42,ponto42,Poecilia reticulata,22.1,17.3,0.0998
436,42,ponto42,Poecilia reticulata,18,14.2,0.0547
437,36,ponto36,Characidium zebra,24.1,19.4,0.0898
438,36,ponto36,Characidium zebra,25,20.6,0.1153
439,41,ponto41,Psalidodon gr. fasciatus,60.8,50.7,2.7486
440,41,ponto41,Psalidodon gr. fasciatus,27.8,22.3,0.1921
441,41,ponto41,Psalidodon gr. fasciatus,29,23.2,0.2225
442,41,ponto41,Psalidodon gr. fasciatus,29.1,23.6,0.2432
443,29,ponto29,Phalloceros harpagos,22.4,17.4,0.066
444,37,ponto37,Microlepidogaster longicolla,44.5,35.2,0.75
445,30,ponto30,Microlepidogaster longicolla,52.9,42.6,1.1151
446,31,ponto31,Microlepidogaster longicolla,28.9,22.7,0.1176
447,31,ponto31,Microlepidogaster longicolla,28.5,22.1,0.1239
448,27,ponto27,Rhamdia quelen,77.5,62.2,3.3075
449,33,ponto33,Hypostomus ancistroides,44.3,32.7,0.7928
450,33,ponto33,Hypostomus ancistroides,44.7,32.6,0.7414
451,33,ponto33,Hypostomus ancistroides,42.5,32.3,0.7724
452,38,ponto38,Heptapterus sp.,68,56.9,1.9162
453,38,ponto38,Heptapterus sp.,57.4,47.8,1.0578
454,38,ponto38,Heptapterus sp.,66.1,55.2,1.4635
455,38,ponto38,Heptapterus sp.,34.8,28.8,0.2221
456,52,ponto52,Hypostomus cafuringa,45.7,34.2,1.0981
457,38,ponto38,Microlepidogaster longicolla,50.8,42.7,1.0068
458,38,ponto38,Microlepidogaster longicolla,52,42.4,0.9373
459,28,ponto28,Moenkhausia cf. aurantia,49.6,38.1,0.9342
460,28,ponto28,Moenkhausia cf. aurantia,46.1,34.8,0.7648
461,28,ponto28,Moenkhausia cf. aurantia,41.7,33.6,0.6713
462,28,ponto28,Moenkhausia cf. aurantia,47.7,37.8,0.8464
463,28,ponto28,Moenkhausia cf. aurantia,47.9,40.7,1.2209
464,28,ponto28,Moenkhausia cf. aurantia,48,36.7,0.977
465,28,ponto28,Moenkhausia cf. aurantia,40.6,32.3,0.5555
466,28,ponto28,Moenkhausia cf. aurantia,43,34.7,0.7383
467,28,ponto28,Moenkhausia cf. aurantia,41.6,33.1,0.5448
468,28,ponto28,Moenkhausia cf. aurantia,38.7,30.7,0.4402
469,28,ponto28,Moenkhausia cf. aurantia,37.3,29.1,0.4296
470,28,ponto28,Moenkhausia cf. aurantia,35,26.2,0.3051
471,28,ponto28,Moenkhausia cf. aurantia,31.4,25.5,0.2886
472,28,ponto28,Moenkhausia cf. aurantia,36.5,29.6,0.3652
473,28,ponto28,Moenkhausia cf. aurantia,27.1,22.5,0.1754
474,28,ponto28,Moenkhausia cf. aurantia,18.3,14.9,0.067
475,40,ponto40,Psalidodon gr. fasciatus,74.8,63,5.8812
476,40,ponto40,Psalidodon gr. fasciatus,69.7,57.7,3.9617
477,40,ponto40,Psalidodon gr. fasciatus,59.9,49.5,2.608
478,40,ponto40,Psalidodon gr. fasciatus,60,49.2,2.6256
479,40,ponto40,Psalidodon gr. fasciatus,51.2,42.1,1.5672
480,40,ponto40,Psalidodon gr. fasciatus,47.4,38.7,10780
481,40,ponto40,Psalidodon gr. fasciatus,36,29,0.558
482,38,ponto38,Psalidodon gr. fasciatus,97.5,80.3,8.6243
483,38,ponto38,Psalidodon gr. fasciatus,49.9,40,0.9256
484,38,ponto38,Psalidodon gr. fasciatus,57.3,47.8,1.6458
485,38,ponto38,Psalidodon gr. fasciatus,69.1,55.9,2.4868
486,38,ponto38,Psalidodon gr. fasciatus,53.4,43.7,1.3779
487,38,ponto38,Psalidodon gr. fasciatus,49.1,39.4,0.9527
488,49,ponto49,Corumbataia tocantinensis,49.1,39.2,1.1188
489,49,ponto49,Corumbataia tocantinensis,48.9,39.1,1.0081
490,49,ponto49,Corumbataia tocantinensis,47.8,38.3,1.1283
491,49,ponto49,Corumbataia tocantinensis,47.3,38.1,1.0479
492,49,ponto49,Corumbataia tocantinensis,44.4,34.8,0.8196
493,49,ponto49,Corumbataia tocantinensis,22.6,19.1,0.0607
494,49,ponto49,Corumbataia tocantinensis,38.5,30.8,0.4566
495,32,ponto32,Psalidodon gr. fasciatus,37.9,29.4,0.4302
496,32,ponto32,Psalidodon gr. fasciatus,41,32.2,0.5175
497,28,ponto28,Characidium zebra,33,26.9,0.2624
498,30,ponto30,Heptapterus sp.,32.1,27.6,0.1259
499,29,ponto29,Phalloceros harpagos,40.5,32.5,0.6403
500,29,ponto29,Phalloceros harpagos,36.8,29,0.5473
501,29,ponto29,Phalloceros harpagos,20.8,17.5,0.0945
502,29,ponto29,Phalloceros harpagos,22.1,18.3,0.1079
503,36,ponto36,Knodus moenkhausii,31.7,29.3,0.3382
504,36,ponto36,Knodus moenkhausii,36.9,29.5,0.3664
505,36,ponto36,Knodus moenkhausii,31.2,24.4,0.1814
506,36,ponto36,Knodus moenkhausii,28.7,22.1,0.1444
507,36,ponto36,Moenkhausia cf. aurantia,41.9,32.8,0.5152
508,31,ponto31,Characidium gomesi,57,48.1,1.5565
509,31,ponto31,Characidium gomesi,48,39.7,0.8493
510,31,ponto31,Characidium gomesi,51.4,43.8,1.0101
511,36,ponto36,Characidium fasciatum,39.7,33.6,0.4453
512,34,ponto34,Knodus moenkhausii,31.8,26.2,0.2114
513,43,ponto43,Creagrutus sp.,54.5,46.6,1.8607
514,16,ponto16,Microlepidogaster longicolla,37,30.2,0.276
515,16,ponto16,Microlepidogaster longicolla,36.7,29.8,0.2692
516,16,ponto16,Microlepidogaster longicolla,34.8,29.4,0.279
517,15,ponto15,Knodus moenkhausii,41.2,33.6,0.5645
518,15,ponto15,Knodus moenkhausii,39.2,31.7,0.4448
519,15,ponto15,Knodus moenkhausii,39.7,31.6,0.4112
520,15,ponto15,Knodus moenkhausii,25.1,21.3,0.111
521,30,ponto30,Microlepidogaster longicolla,45,38.3,0.5456
522,18,ponto18,Microlepidogaster longicolla,46.8,37.8,0.8511
523,26,ponto26,Microlepidogaster longicolla,49.2,40.4,0.8644
524,26,ponto26,Microlepidogaster longicolla,44.4,36.5,0.5786
525,47,ponto47,Phenacorhamdia somnians,37.3,29.1,0.2391
526,47,ponto47,Phenacorhamdia somnians,37.8,30.4,0.2815
527,47,ponto47,Phenacorhamdia somnians,32,26.5,0.1892
528,39,ponto39,Psalidodon gr. fasciatus,51.5,42.5,1.2298
529,39,ponto39,Psalidodon gr. fasciatus,55.3,45.1,1.6633
530,39,ponto39,Psalidodon gr. fasciatus,53,44.2,1.6289
531,39,ponto39,Poecilia reticulata,31.2,25.6,0.3241
532,39,ponto39,Poecilia reticulata,28.1,22.9,0.2242
533,39,ponto39,Poecilia reticulata,28.7,22.8,0.2149
534,50,ponto50,Characidium fasciatum,37.1,31.4,0.3454
535,50,ponto50,Characidium fasciatum,36.1,30.4,0.3705
536,50,ponto50,Characidium fasciatum,39.5,33,0.5031
537,50,ponto50,Characidium fasciatum,39.1,32.9,0.4179
538,50,ponto50,Characidium fasciatum,33.7,28.3,0.2824
539,50,ponto50,Characidium fasciatum,45.8,38.4,0.734
540,50,ponto50,Characidium fasciatum,37.2,31.5,0.3747
541,50,ponto50,Characidium fasciatum,33.3,27.9,0.2339
542,25,ponto25,Microlepidogaster longicolla,50.4,42.2,1.017
543,25,ponto25,Microlepidogaster longicolla,52.9,43.8,1.0342
544,36,ponto36,Hasemania hanseni,28.5,22.3,0.1482
545,36,ponto36,Hasemania hanseni,26.1,21.7,0.1233
546,36,ponto36,Hasemania hanseni,25.8,21.1,0.1196
547,36,ponto36,Hasemania hanseni,28.5,23.5,0.1658
548,36,ponto36,Hasemania hanseni,26.6,21,0.1317
549,36,ponto36,Hasemania hanseni,24.3,19.7,0.0952
550,36,ponto36,Hasemania hanseni,24.9,20.4,0.1013
551,36,ponto36,Hasemania hanseni,20.6,17.1,0.0643
552,36,ponto36,Hasemania hanseni,26.2,20.9,0.122
553,36,ponto36,Hasemania hanseni,23,18.2,0.078
554,52,ponto52,Characidium fasciatum,45.5,37.6,0.7406
555,52,ponto52,Characidium fasciatum,37.7,31.8,0.3832
556,52,ponto52,Characidium fasciatum,39.5,32.2,0.4887
557,52,ponto52,Characidium fasciatum,36.9,31.3,0.3707
558,52,ponto52,Characidium fasciatum,36.1,30.1,0.3748
559,51,ponto51,Characidium fasciatum,45.4,37.4,0.6741
560,51,ponto51,Characidium fasciatum,41.9,35.3,0.5514
561,51,ponto51,Characidium gomesi,72.8,62.2,3.283
562,51,ponto51,Characidium fasciatum,42.8,34.5,0.6018
563,51,ponto51,Characidium fasciatum,38.8,33.2,0.5104
564,51,ponto51,Characidium fasciatum,45,37.7,0.7255
565,51,ponto51,Characidium fasciatum,37.7,30.4,0.4436
566,51,ponto51,Characidium fasciatum,37.4,32.2,0.3955
567,51,ponto51,Characidium fasciatum,45.5,37.4,0.7172
568,51,ponto51,Characidium fasciatum,39.9,33.2,0.5168
569,51,ponto51,Characidium fasciatum,43.6,36.1,0.6339
570,51,ponto51,Characidium fasciatum,38.9,32.9,0.4375
571,51,ponto51,Characidium fasciatum,39.5,33.1,0.5523
572,51,ponto51,Characidium fasciatum,36.3,31.1,0.3851
573,12,ponto12,Bryconamericus turiuba,44.4,36.5,0.745
574,12,ponto12,Bryconamericus turiuba,46.1,38.4,0.9515
575,12,ponto12,Bryconamericus turiuba,52.7,43.4,1.3795
576,12,ponto12,Bryconamericus turiuba,57.1,48.9,2.3272
577,12,ponto12,Bryconamericus turiuba,37.5,30.3,0.4735
578,12,ponto12,Bryconamericus turiuba,29,24.2,0.1984
579,12,ponto12,Bryconamericus turiuba,36.3,30.3,0.4056
580,12,ponto12,Bryconamericus turiuba,27.8,23,0.1548
581,36,ponto36,Characidium zebra,42.4,36.3,0.5254
582,36,ponto36,Characidium zebra,36.6,30.6,0.3313
583,36,ponto36,Characidium zebra,40.9,34.7,0.5469
584,36,ponto36,Characidium zebra,43.1,36.9,0.6362
585,36,ponto36,Characidium zebra,30.3,26.2,0.1974
586,36,ponto36,Characidium zebra,25.8,21.2,0.1251
587,36,ponto36,Characidium zebra,37.4,30.8,0.3721
588,36,ponto36,Characidium zebra,37.2,32.1,0.4236
589,36,ponto36,Characidium zebra,36.8,30.3,0.3968
590,36,ponto36,Characidium zebra,36.9,31.5,0.3753
591,36,ponto36,Characidium zebra,38,32.4,0.4957
592,36,ponto36,Characidium zebra,32.6,28.5,0.3127
593,36,ponto36,Characidium zebra,30.2,25.4,0.1857
594,36,ponto36,Characidium zebra,23.8,19.9,0.1038
595,36,ponto36,Characidium zebra,27.3,23.3,0.1474
596,36,ponto36,Characidium zebra,23.2,19.2,0.0866
597,36,ponto36,Characidium zebra,25.6,20.9,0.1197
598,36,ponto36,Characidium zebra,24.6,21.2,0.1139
599,36,ponto36,Characidium zebra,23.4,19.4,0.1112
600,36,ponto36,Characidium zebra,25.7,21.2,0.1152
601,36,ponto36,Characidium zebra,21.9,18.4,0.0937
602,36,ponto36,Characidium zebra,26.5,21.9,0.1458
603,36,ponto36,Characidium zebra,23,19.2,0.0993
604,36,ponto36,Characidium zebra,23.1,19.2,0.0894
605,15,ponto15,Poecilia reticulata,32.7,26.1,0.3638
606,15,ponto15,Poecilia reticulata,29,23.2,0.2588
607,15,ponto15,Poecilia reticulata,16.7,13.7,0.0333
608,15,ponto15,Poecilia reticulata,26.4,21.5,0.2168
609,15,ponto15,Poecilia reticulata,31,24.5,0.3337
610,15,ponto15,Poecilia reticulata,27.8,21.4,0.1827
611,15,ponto15,Poecilia reticulata,27,21,0.178
612,15,ponto15,Poecilia reticulata,19.4,15.1,0.0639
613,15,ponto15,Poecilia reticulata,20.2,15.6,0.0667
614,15,ponto15,Poecilia reticulata,19.6,15.1,0.0563
615,15,ponto15,Poecilia reticulata,21.7,17,0.0873
616,15,ponto15,Poecilia reticulata,26.3,20.5,0.1667
617,15,ponto15,Poecilia reticulata,19.5,15,0.0602
618,15,ponto15,Poecilia reticulata,15.5,12.6,0.0374
619,15,ponto15,Poecilia reticulata,15.9,12.6,0.0344
620,15,ponto15,Poecilia reticulata,15.8,13.6,0.0429
621,15,ponto15,Poecilia reticulata,17.1,13.5,0.0428
622,15,ponto15,Poecilia reticulata,16,11.9,0.0326
623,15,ponto15,Poecilia reticulata,13.8,10.6,0.0202
624,5,ponto05,Psalidodon gr. fasciatus,64.9,53.6,3.33601
625,5,ponto05,Psalidodon gr. fasciatus,69.1,56.1,3.8451
626,5,ponto05,Psalidodon gr. fasciatus,39.8,32.4,0.7352
627,5,ponto05,Psalidodon gr. fasciatus,42.4,34.5,0.8527
628,5,ponto05,Characidium gomesi,52.5,44,1.5967
629,5,ponto05,Knodus moenkhausii,36.8,30.3,0.3101
630,5,ponto05,Knodus moenkhausii,44.8,36.5,0.7071
631,5,ponto05,Knodus moenkhausii,36.7,30.2,0.3187
632,5,ponto05,Knodus moenkhausii,36.5,29.3,0.2608
633,5,ponto05,Knodus moenkhausii,35.8,29.6,0.2911
634,5,ponto05,Knodus moenkhausii,34.9,28.9,0.2694
635,5,ponto05,Knodus moenkhausii,36.7,30.6,0.3465
636,5,ponto05,Knodus moenkhausii,32,26.5,0.2098
637,5,ponto05,Rhamdia quelen,99.9,81.9,8.4802
638,5,ponto05,Rhamdia quelen,51.4,41.3,1.0362
639,31,ponto31,Psalidodon gr. fasciatus,40.3,33.1,0.5745
640,31,ponto31,Psalidodon gr. fasciatus,47.7,38.6,0.8251
641,31,ponto31,Psalidodon gr. fasciatus,40.4,32.7,0.5179
642,51,ponto51,Corumbataia tocantinensis,47.4,38.7,1.0038
643,51,ponto51,Corumbataia tocantinensis,38.3,30.6,0.4263
644,48,ponto48,Apareoidon machrisi,43.7,38.4,0.7664
645,24,ponto24,Microlepidogaster longicolla,39.1,32.2,0.4334
646,19,ponto19,Psalidodon gr. fasciatus,35.2,29.3,0.4213
647,19,ponto19,Psalidodon gr. fasciatus,64.3,52.3,2.6025
648,19,ponto19,Psalidodon gr. fasciatus,49.1,40.3,1.2138
649,19,ponto19,Psalidodon gr. fasciatus,46.5,37.4,0.8561
650,19,ponto19,Psalidodon gr. fasciatus,51.2,43.5,1.4101
651,19,ponto19,Psalidodon gr. fasciatus,64.1,52.4,2.2912
652,51,ponto51,Ituglanis goya,75.3,68.5,3.3082
653,28,ponto28,Psalidodon gr. fasciatus,64.1,52.5,2.7644
654,28,ponto28,Psalidodon gr. fasciatus,26.7,21.2,0.2149
655,28,ponto28,Psalidodon gr. fasciatus,46.7,38.1,0.9642
656,28,ponto28,Psalidodon gr. fasciatus,55.3,45.2,1.5925
657,28,ponto28,Psalidodon gr. fasciatus,51.2,42.2,1.1769
658,28,ponto28,Psalidodon gr. fasciatus,47,37.3,0.9726
659,28,ponto28,Psalidodon gr. fasciatus,37.3,29.7,0.4878
660,28,ponto28,Psalidodon gr. fasciatus,25.4,21.4,0.1676
661,28,ponto28,Psalidodon gr. fasciatus,33.2,28,0.3838
662,28,ponto28,Psalidodon gr. fasciatus,63.1,52.4,2.7784
663,28,ponto28,Psalidodon gr. fasciatus,43.6,35.8,0.8596
664,28,ponto28,Psalidodon gr. fasciatus,42.7,35.3,0.8245
665,28,ponto28,Psalidodon gr. fasciatus,37,30.5,0.546
666,28,ponto28,Psalidodon gr. fasciatus,49.1,40.4,1.1595
667,28,ponto28,Psalidodon gr. fasciatus,39.8,32.6,0.6203
668,28,ponto28,Psalidodon gr. fasciatus,38.3,31.1,0.5644
669,28,ponto28,Psalidodon gr. fasciatus,39.1,31.7,0.5866
670,28,ponto28,Psalidodon gr. fasciatus,39.5,32.1,0.5746
671,28,ponto28,Psalidodon gr. fasciatus,69.5,57.6,4.0254
672,51,ponto51,Knodus moenkhausii,70.9,61.8,4.3748
673,51,ponto51,Knodus moenkhausii,38.4,32.7,0.7166
674,51,ponto51,Knodus moenkhausii,69,60.3,4.2247
675,51,ponto51,Knodus moenkhausii,62.5,54.2,3.3344
676,51,ponto51,Knodus moenkhausii,48,41,1.1932
677,41,ponto41,Xiphophorus maculatus,24.2,20.2,0.1543
678,41,ponto41,Xiphophorus maculatus,22.7,17.9,0.1253
679,51,ponto51,Ituglanis goya,64.9,58.4,1.5032
680,46,ponto46,Psalidodon gr. fasciatus,55.1,45.7,1.2739
681,46,ponto46,Psalidodon gr. fasciatus,55.1,45.4,1.2553
682,47,ponto47,Hypostomus cafuringa,59.6,46,2.6068
683,12,ponto12,Neoplecostomus corumba,75.8,63.5,3.7268
684,26,ponto26,Psalidodon gr. fasciatus,29.1,24.3,0.2165
685,26,ponto26,Psalidodon gr. fasciatus,42.9,35.6,0.5198
686,32,ponto32,Characidium gomesi,26.7,22.7,0.145
687,48,ponto48,Characidium fasciatum,32,27.8,0.2448
688,48,ponto48,Characidium fasciatum,36.8,30.8,0.3125
689,48,ponto48,Characidium fasciatum,49.1,41.2,1.0725
690,48,ponto48,Characidium fasciatum,45.2,38.4,0.6456
691,48,ponto48,Characidium fasciatum,44.9,37,0.7352
692,48,ponto48,Characidium fasciatum,36,30.3,0.2816
693,48,ponto48,Characidium fasciatum,46.6,39.3,0.7057
694,48,ponto48,Characidium fasciatum,46.7,39.1,0.7636
695,34,ponto34,Hypostomus ancistroides,69.2,49.9,2.9977
696,34,ponto34,Hypostomus ancistroides,53.8,40,1.3552
697,34,ponto34,Neoplecostomus corumba,83.1,66.6,5.3218
698,34,ponto34,Neoplecostomus corumba,41.4,33.9,0.5354
699,34,ponto34,Phalloceros harpagos,21.3,17.5,0.0975
700,34,ponto34,Planaltina myersi,45.9,38.5,0.6638
701,34,ponto34,Planaltina myersi,54.1,45.8,1.1345
702,34,ponto34,Planaltina myersi,49,40.4,0.7848
703,34,ponto34,Knodus moenkhausii,35.7,29.8,0.3846
704,34,ponto34,Knodus moenkhausii,36.5,30.6,0.511
705,34,ponto34,Knodus moenkhausii,34.2,28,0.3279
706,34,ponto34,Knodus moenkhausii,38.5,31.3,0.4588
707,34,ponto34,Knodus moenkhausii,37.5,30.7,0.4409
708,34,ponto34,Knodus moenkhausii,35.7,29.4,0.3902
709,3,ponto03,Knodus moenkhausii,48.3,39.1,0.8556
710,3,ponto03,Psalidodon gr. fasciatus,48.4,40.7,1.5013
711,3,ponto03,Psalidodon gr. fasciatus,61.9,50.7,2.8578
712,3,ponto03,Psalidodon gr. fasciatus,57.5,47.5,2.4026
713,3,ponto03,Psalidodon gr. fasciatus,47.9,40.6,1.3511
714,3,ponto03,Psalidodon gr. fasciatus,46.8,39.1,1.3646
715,3,ponto03,Psalidodon gr. fasciatus,40.1,33.1,0.8448
716,3,ponto03,Psalidodon gr. fasciatus,35.4,29.1,0.5293
717,3,ponto03,Psalidodon gr. fasciatus,35.4,29.6,0.5951
718,3,ponto03,Psalidodon gr. fasciatus,36.2,29.5,0.5903
719,3,ponto03,Psalidodon gr. fasciatus,35.9,30.2,0.5356
720,3,ponto03,Psalidodon gr. fasciatus,32,27.1,0.467
721,3,ponto03,Psalidodon gr. fasciatus,26.4,23.3,0.2436
722,3,ponto03,Knodus moenkhausii,35.7,28.8,0.2914
723,3,ponto03,Knodus moenkhausii,37.8,31.1,0.2949
724,3,ponto03,Knodus moenkhausii,36.2,30.3,0.3386
725,3,ponto03,Knodus moenkhausii,45.9,37.5,0.7623
726,3,ponto03,Knodus moenkhausii,34.7,28.3,0.2573
727,3,ponto03,Knodus moenkhausii,24.2,20.3,0.0984
728,3,ponto03,Knodus moenkhausii,38.4,31.2,0.3589
729,3,ponto03,Knodus moenkhausii,45.3,37,0.7071
730,3,ponto03,Rhamdia quelen,58.6,47.7,1.7294
731,3,ponto03,Rhamdia quelen,45.4,39.3,0.9573
732,3,ponto03,Characidium zebra,36.8,31.6,0.5069
733,16,ponto16,Neoplecostomus corumba,76.9,63.3,4.4076
734,16,ponto16,Hypostomus crulsi,83.9,61.2,6.1821
735,16,ponto16,Hypostomus crulsi,50.1,35.5,1.3272
736,16,ponto16,Psalidodon gr. fasciatus,63.8,53.2,2.5513
737,16,ponto16,Psalidodon gr. fasciatus,61.3,51.6,2.5513
738,16,ponto16,Psalidodon gr. fasciatus,44.9,36,0.9062
739,16,ponto16,Psalidodon gr. fasciatus,41.3,34.4,0.7095
740,16,ponto16,Psalidodon gr. fasciatus,39.2,32.3,0.6766
741,16,ponto16,Psalidodon gr. fasciatus,41.6,35.1,0.7606
742,40,ponto40,Psalidodon gr. fasciatus,59.6,50.5,2.251
743,40,ponto40,Psalidodon gr. fasciatus,45,38.5,0.9192
744,40,ponto40,Psalidodon gr. fasciatus,42.3,36,0.7385
745,40,ponto40,Poecilia reticulata,25.5,20.4,0.1651
746,42,ponto42,Psalidodon gr. fasciatus,51.8,43.1,1.3117
747,42,ponto42,Psalidodon gr. fasciatus,44.7,36.6,0.7128
748,42,ponto42,Psalidodon gr. fasciatus,40.1,33.6,0.5819
749,42,ponto42,Poecilia reticulata,33.6,27.1,0.3568
750,42,ponto42,Poecilia reticulata,30.9,24,0.2644
751,42,ponto42,Poecilia reticulata,22.9,18.8,0.1091
752,42,ponto42,Microlepidogaster longicolla,37.2,30.8,0.2906
753,42,ponto42,Poecilia reticulata,20.7,16.1,0.073
754,41,ponto41,Psalidodon gr. fasciatus,32,25.8,0.228
755,41,ponto41,Psalidodon gr. fasciatus,33.2,28.2,0.2834
756,41,ponto41,Poecilia reticulata,39.4,31.9,0.5325
757,41,ponto41,Poecilia reticulata,28.3,22.8,0.1931
758,41,ponto41,Poecilia reticulata,22.8,19.1,0.1017
759,41,ponto41,Poecilia reticulata,23.8,17.1,0.0812
760,41,ponto41,Poecilia reticulata,22.9,18.2,0.103
761,1,ponto01,Psalidodon gr. fasciatus,77.4,64.5,6.1142
762,1,ponto01,Psalidodon gr. fasciatus,64.6,53.8,3.319
763,1,ponto01,Psalidodon gr. fasciatus,53,44.1,1.6274
764,1,ponto01,Psalidodon gr. fasciatus,39.2,31.9,0.6721
765,1,ponto01,Psalidodon gr. fasciatus,20.2,16.5,0.0861
766,1,ponto01,Psalidodon gr. fasciatus,25.4,21.5,0.1772
767,1,ponto01,Psalidodon gr. fasciatus,20.8,17.8,0.0895
768,1,ponto01,Psalidodon gr. fasciatus,22,18.3,0.0983
769,1,ponto01,Psalidodon gr. fasciatus,20.9,17.5,0.0807
770,40,ponto40,Poecilia reticulata,36.3,29.3,0.5595
771,40,ponto40,Poecilia reticulata,33.5,27.2,0.5266
772,40,ponto40,Poecilia reticulata,38.3,30.9,0.5174
773,40,ponto40,Poecilia reticulata,27.1,21.1,0.213
774,40,ponto40,Poecilia reticulata,38.2,30.3,0.5067
775,40,ponto40,Poecilia reticulata,36.6,29.1,0.5486
776,40,ponto40,Poecilia reticulata,39.5,31.7,0.5805
777,40,ponto40,Poecilia reticulata,28.3,22.6,0.2731
778,40,ponto40,Poecilia reticulata,31.2,25,0.3264
779,40,ponto40,Poecilia reticulata,23.3,18.3,0.1218
780,40,ponto40,Poecilia reticulata,36.2,28.8,0.4953
781,40,ponto40,Poecilia reticulata,27.1,21.7,0.2451
782,40,ponto40,Poecilia reticulata,21.2,17,0.0772
783,40,ponto40,Poecilia reticulata,21.4,17.5,0.116
784,40,ponto40,Poecilia reticulata,23.2,19.3,0.1215
785,40,ponto40,Poecilia reticulata,21.4,17.4,0.1085
786,40,ponto40,Poecilia reticulata,22.2,17.2,0.1077
787,40,ponto40,Poecilia reticulata,23,17.4,0.1051
788,40,ponto40,Poecilia reticulata,24.3,19.8,0.154
789,40,ponto40,Poecilia reticulata,,,0.6192
790,40,ponto40,Poecilia reticulata,,,0.1558
791,38,ponto38,Psalidodon gr. fasciatus,57.1,46.3,2.0108
792,38,ponto38,Psalidodon gr. fasciatus,53.6,43.8,1.8941
793,38,ponto38,Psalidodon gr. fasciatus,51.6,42.4,1.4699
794,38,ponto38,Psalidodon gr. fasciatus,42.3,35.2,0.8708
795,38,ponto38,Psalidodon gr. fasciatus,89.3,72.6,7.3081
796,38,ponto38,Psalidodon gr. fasciatus,41.6,33.4,0.6917
797,38,ponto38,Psalidodon gr. fasciatus,66.3,53.1,2.8311
798,38,ponto38,Psalidodon gr. fasciatus,50.2,41.2,1.2681
799,38,ponto38,Psalidodon gr. fasciatus,58.3,46.7,2.1886
800,38,ponto38,Psalidodon gr. fasciatus,40.2,32.5,0.6786
801,38,ponto38,Psalidodon gr. fasciatus,47,37.9,1.0863
802,38,ponto38,Psalidodon gr. fasciatus,53.7,44.4,1.4533
803,38,ponto38,Psalidodon gr. fasciatus,37.6,30.8,0.564
804,38,ponto38,Psalidodon gr. fasciatus,41.2,34,0.7588
805,38,ponto38,Psalidodon gr. fasciatus,40.6,33.5,0.5959
806,38,ponto38,Psalidodon gr. fasciatus,40.1,32.8,0.6227
807,38,ponto38,Psalidodon gr. fasciatus,33.4,27.1,0.3323
808,38,ponto38,Psalidodon gr. fasciatus,109.4,92.1,18.5363
809,35,ponto35,Psalidodon gr. fasciatus,59.1,48.7,2.0198
810,35,ponto35,Psalidodon gr. fasciatus,51.5,43,1.4399
811,35,ponto35,Psalidodon gr. fasciatus,48.6,40.4,1.1579
812,35,ponto35,Psalidodon gr. fasciatus,47.3,39.1,1.1183
813,35,ponto35,Psalidodon gr. fasciatus,56.3,46.6,1.8108
814,35,ponto35,Psalidodon gr. fasciatus,41.4,34.5,0.8123
815,35,ponto35,Psalidodon gr. fasciatus,41.1,33.8,0.7827
816,35,ponto35,Psalidodon gr. fasciatus,57.7,47.8,2.4377
817,35,ponto35,Psalidodon gr. fasciatus,29.4,24.9,0.2939
818,35,ponto35,Psalidodon gr. fasciatus,32.2,26.3,0.3425
819,35,ponto35,Psalidodon gr. fasciatus,38.4,30.9,0.6341
820,35,ponto35,Psalidodon gr. fasciatus,42.9,34.9,0.8258
821,35,ponto35,Psalidodon gr. fasciatus,45.2,37.1,1.0362
822,35,ponto35,Psalidodon gr. fasciatus,44.3,35.9,0.8626
823,35,ponto35,Psalidodon gr. fasciatus,53.6,45,1.9203
824,35,ponto35,Psalidodon gr. fasciatus,51.3,42.1,1.4844
825,35,ponto35,Psalidodon gr. fasciatus,34.4,28.9,0.4161
826,35,ponto35,Psalidodon gr. fasciatus,45.3,38,0.9039
827,35,ponto35,Psalidodon gr. fasciatus,29.4,24.4,0.2724
828,35,ponto35,Psalidodon gr. fasciatus,46,38.2,1.125
829,35,ponto35,Psalidodon gr. fasciatus,47,38.7,1.2545
830,35,ponto35,Psalidodon gr. fasciatus,33.5,26.8,0.402
831,35,ponto35,Psalidodon gr. fasciatus,48.7,41,1.2911
832,35,ponto35,Psalidodon gr. fasciatus,51.2,42.1,1.6382
833,35,ponto35,Psalidodon gr. fasciatus,44.5,37.3,0.8661
834,35,ponto35,Psalidodon gr. fasciatus,55.3,45.7,1.8422
835,35,ponto35,Psalidodon gr. fasciatus,43.4,36,0.8729
836,35,ponto35,Psalidodon gr. fasciatus,39,32.5,0.725
837,35,ponto35,Psalidodon gr. fasciatus,63.5,53.3,2.4517
838,35,ponto35,Psalidodon gr. fasciatus,48,39.6,1.2424
839,35,ponto35,Psalidodon gr. fasciatus,35,29.8,0.505
840,35,ponto35,Psalidodon gr. fasciatus,44.6,37.8,1.0957
841,35,ponto35,Psalidodon gr. fasciatus,60.9,50.9,2.5341
842,35,ponto35,Psalidodon gr. fasciatus,41,33.6,0.778
843,35,ponto35,Psalidodon gr. fasciatus,49.4,40.6,1.3798
844,35,ponto35,Psalidodon gr. fasciatus,46.7,38.9,1.1808
845,35,ponto35,Psalidodon gr. fasciatus,57.8,48.8,2.3089
846,35,ponto35,Psalidodon gr. fasciatus,47.5,39.9,1.3012
847,35,ponto35,Psalidodon gr. fasciatus,39,31.8,0.6556
848,35,ponto35,Psalidodon gr. fasciatus,50.3,43.4,1.512
849,35,ponto35,Psalidodon gr. fasciatus,31.3,25.8,0.3126
850,35,ponto35,Psalidodon gr. fasciatus,48.9,40.7,1.283
851,35,ponto35,Psalidodon gr. fasciatus,39.5,32,0.6508
852,35,ponto35,Psalidodon gr. fasciatus,37.1,32.7,0.6718
853,35,ponto35,Psalidodon gr. fasciatus,45.6,37.8,0.9818
854,35,ponto35,Psalidodon gr. fasciatus,35.1,29.3,0.4905
855,35,ponto35,Psalidodon gr. fasciatus,43.4,35.5,0.7899
856,35,ponto35,Psalidodon gr. fasciatus,76.6,62.9,4.9314
857,35,ponto35,Psalidodon gr. fasciatus,44.4,36.3,0.9231
858,35,ponto35,Psalidodon gr. fasciatus,45.3,38.5,1.1971
859,35,ponto35,Psalidodon gr. fasciatus,33.8,28,0.4285
860,35,ponto35,Psalidodon gr. fasciatus,35.6,30,0.4918
861,35,ponto35,Psalidodon gr. fasciatus,36.8,30.4,0.5097
862,35,ponto35,Psalidodon gr. fasciatus,30.4,25.4,0.2937
863,51,ponto51,Hypostomus cafuringa,81.7,61.9,7.2181
864,51,ponto51,Hypostomus cafuringa,93.2,70.3,10.6268
865,51,ponto51,Hypostomus cafuringa,93.9,71.8,10.512
866,51,ponto51,Hypostomus cafuringa,94,73.2,13.0542
867,11,ponto11,Hasemania hanseni,36.1,29.9,0.3792
868,11,ponto11,Hasemania hanseni,35.4,29,0.3254
869,11,ponto11,Moenkhausia cf. aurantia,47.1,38.2,1.0651
870,11,ponto11,Moenkhausia cf. aurantia,47.1,37.8,0.9761
871,11,ponto11,Moenkhausia cf. aurantia,48.6,39.8,1.113
872,11,ponto11,Bryconamericus turiuba,45.9,37.8,0.8688
873,11,ponto11,Rhamdia quelen,118.4,96.7,14.112
874,11,ponto11,Rhamdia quelen,176,147.79,40.6466
875,11,ponto11,Phalloceros harpagos,26.4,21.5,0.182
876,11,ponto11,Phalloceros harpagos,33.8,26.9,0.4563
877,11,ponto11,Phalloceros harpagos,27.2,22.2,0.2116
878,11,ponto11,Phalloceros harpagos,33.1,25.4,0.3752
879,11,ponto11,Phalloceros harpagos,33.4,26.8,0.4095
880,11,ponto11,Phalloceros harpagos,34.9,28.5,0.4552
881,11,ponto11,Phalloceros harpagos,33,26.6,0.3949
882,11,ponto11,Psalidodon gr. fasciatus,71.9,57.8,4.1621
883,11,ponto11,Psalidodon gr. fasciatus,42,34.3,0.7036
884,11,ponto11,Psalidodon gr. fasciatus,45.2,36.6,0.9843
885,11,ponto11,Psalidodon gr. fasciatus,55.9,46.2,1.6746
886,Rio,pontoRio,Ancistrus aguaboensis,51.4,38.4,1.4782
887,Rio,pontoRio,Hypostomus sp.,118.7,87.8,22.4273
888,Rio,pontoRio,Microplecostomus foresti,43.3,34.9,1.2388
889,Rio,pontoRio,Microplecostomus foresti,40.2,32.2,0.8524
890,Rio,pontoRio,Microplecostomus foresti,43.7,35.3,1.2393
891,Rio,pontoRio,Microplecostomus foresti,35.4,29.3,0.6279
892,Rio,pontoRio,Microplecostomus foresti,47.5,38.5,1.2563
893,Rio,pontoRio,Microplecostomus foresti,50.9,42,1.5504
894,Rio,pontoRio,Microplecostomus foresti,47,36.8,1.1363
895,Rio,pontoRio,Microplecostomus foresti,36.1,28.8,0.6433
896,Rio,pontoRio,Microplecostomus foresti,37.4,30.3,0.6739
897,Rio,pontoRio,Microplecostomus foresti,36.9,29,0.6312
898,Rio,pontoRio,Microplecostomus foresti,37.4,30.3,0.684
899,YFFS,pontoYFFS,Pimelodella avanhandavae,62.3,49.9,1.658
900,33,ponto33,Psalidodon gr. fasciatus,62.4,50.8,2.1203
901,33,ponto33,Knodus moenkhausii,32.1,26.3,0.1783
902,33,ponto33,Knodus moenkhausii,30.2,24.8,0.1797
903,33,ponto33,Knodus moenkhausii,31.9,26.4,0.1895
904,33,ponto33,Knodus moenkhausii,32.7,28.1,1.2576
905,33,ponto33,Knodus moenkhausii,28.6,23.6,0.1366
906,33,ponto33,Knodus moenkhausii,26.3,21.9,0.1106
907,12,ponto12,Hypostomus nigromaculatus,86.3,67.5,7.0809
908,12,ponto12,Hypostomus crulsi,108.2,82.5,12.1681
909,12,ponto12,Psalidodon gr. fasciatus,48.3,39.8,1.2573
910,12,ponto12,Psalidodon gr. fasciatus,47.2,38.2,1.2687
911,12,ponto12,Psalidodon gr. fasciatus,72.7,59.4,4.9515
912,12,ponto12,Planaltina myersi,58.4,48.1,1.4726
913,12,ponto12,Knodus moenkhausii,25.5,20.5,0.1249
914,12,ponto12,Knodus moenkhausii,27.9,23,0.1646
915,12,ponto12,Knodus moenkhausii,32.3,26.4,0.2366
916,12,ponto12,Neoplecostomus corumba,34.8,27.9,0.2166
917,12,ponto12,Neoplecostomus corumba,43.4,33.7,0.5486
918,12,ponto12,Hypostomus nigromaculatus,22.5,16,0.1093
919,12,ponto12,Hypostomus nigromaculatus,27.2,20.1,0.1903
920,12,ponto12,Hypostomus nigromaculatus,28.6,20.2,0.2233
921,12,ponto12,Hypostomus nigromaculatus,26.8,21.4,0.212
922,12,ponto12,Hypostomus nigromaculatus,22.3,17.2,0.1143
923,12,ponto12,Hypostomus nigromaculatus,24.9,21.4,0.2145
924,51,ponto51,Apareoidon machrisi,41.9,36.1,0.7734
925,51,ponto51,Apareoidon machrisi,49,41.6,1.1003
926,51,ponto51,Apareoidon machrisi,46.4,40.2,1.0138
927,51,ponto51,Apareoidon machrisi,51,43.1,1.3436
928,51,ponto51,Apareoidon machrisi,59.3,52.2,2.1621
929,51,ponto51,Apareoidon machrisi,40.5,35.8,0.6717
930,26,ponto26,Psalidodon gr. fasciatus,34.8,28.7,0.4462
931,26,ponto26,Psalidodon gr. fasciatus,52.2,43.2,1.3185
932,26,ponto26,Psalidodon gr. fasciatus,37.4,31,0.4357
933,26,ponto26,Psalidodon gr. fasciatus,32.4,27.6,0.3874
934,26,ponto26,Psalidodon gr. fasciatus,33.4,28.2,0.3955
935,26,ponto26,Psalidodon gr. fasciatus,54.6,46.1,1.9096
936,26,ponto26,Psalidodon gr. fasciatus,27.3,26.4,0.2384
937,26,ponto26,Psalidodon gr. fasciatus,72.6,59.3,3.6566
938,26,ponto26,Psalidodon gr. fasciatus,63.6,52.1,2.4929
939,26,ponto26,Psalidodon gr. fasciatus,71,58.5,3.3884
940,15,ponto15,Hypostomus ancistroides,36,26.9,0.3499
941,15,ponto15,Hypostomus ancistroides,50.1,36.4,0.984
942,15,ponto15,Hypostomus ancistroides,47.6,37.8,0.9702
943,15,ponto15,Hypostomus ancistroides,62.8,46.4,2.038
944,15,ponto15,Hypostomus ancistroides,55.2,41.5,1.3337
945,48,ponto48,Characidium fasciatum,47.1,38.9,0.985
946,48,ponto48,Characidium fasciatum,46.1,37.8,0.8683
947,48,ponto48,Characidium fasciatum,46.6,38.2,0.9846
948,48,ponto48,Characidium fasciatum,46.9,38.6,0.9897
949,48,ponto48,Characidium fasciatum,46.5,38.5,0.8077
950,48,ponto48,Characidium fasciatum,46,38.1,0.905
951,48,ponto48,Characidium fasciatum,48.8,40.4,1.2305
952,48,ponto48,Characidium fasciatum,40.9,33.7,0.5163
953,48,ponto48,Characidium fasciatum,42,34.7,0.625
954,48,ponto48,Characidium fasciatum,42.4,37.4,0.8189
955,48,ponto48,Characidium fasciatum,47.6,39.4,1.0711
956,48,ponto48,Characidium fasciatum,46.9,38.5,0.899
957,48,ponto48,Characidium fasciatum,43.2,35.7,0.575
958,48,ponto48,Characidium fasciatum,39.7,32.8,0.6125
959,48,ponto48,Characidium fasciatum,48.3,39.9,1.0138
960,48,ponto48,Characidium fasciatum,45.3,38.2,0.8756
961,48,ponto48,Characidium fasciatum,46.2,38.2,0.7681
962,48,ponto48,Characidium fasciatum,48.3,40.1,1.0277
963,48,ponto48,Characidium fasciatum,45.8,38.8,1.0395
964,48,ponto48,Characidium fasciatum,46.8,37.9,0.7417
965,48,ponto48,Characidium fasciatum,45.2,37.9,0.9131
966,48,ponto48,Characidium fasciatum,40.1,33.2,0.5705
967,48,ponto48,Characidium fasciatum,47.4,39.8,0.9415
968,48,ponto48,Characidium fasciatum,44.2,36.8,0.8284
969,48,ponto48,Characidium fasciatum,43.1,36.1,0.7602
970,17,ponto17,Psalidodon gr. fasciatus,57.7,46.4,1.6782
971,17,ponto17,Psalidodon gr. fasciatus,42.6,35,0.6137
972,17,ponto17,Psalidodon gr. fasciatus,27.7,22.9,0.2589
973,17,ponto17,Psalidodon gr. fasciatus,47.8,40.2,1.0763
974,17,ponto17,Psalidodon gr. fasciatus,27.4,23.9,0.223
975,17,ponto17,Psalidodon gr. fasciatus,46.7,37.7,0.804
976,17,ponto17,Psalidodon gr. fasciatus,25.6,21.3,0.1725
977,17,ponto17,Psalidodon gr. fasciatus,64.3,52.2,2.3186
978,17,ponto17,Psalidodon gr. fasciatus,76.4,62.6,4.515
979,17,ponto17,Psalidodon gr. fasciatus,63.3,54.1,2.8269
980,17,ponto17,Psalidodon gr. fasciatus,77.2,63.8,5.5043
981,8,ponto08,Psalidodon gr. fasciatus,57.5,46.8,1.9246
982,8,ponto08,Psalidodon gr. fasciatus,34.1,27.6,0.4183
983,8,ponto08,Psalidodon gr. fasciatus,37.2,30.5,0.5303
984,8,ponto08,Psalidodon gr. fasciatus,49.3,39.6,1.3319
985,8,ponto08,Psalidodon gr. fasciatus,46.9,38.1,1.1079
986,8,ponto08,Psalidodon gr. fasciatus,55.9,45.7,1.7775
987,8,ponto08,Psalidodon gr. fasciatus,41.2,33.7,0.7846
988,8,ponto08,Psalidodon gr. fasciatus,22.7,20.3,0.1821
989,8,ponto08,Psalidodon gr. fasciatus,23.6,19.8,0.152
990,8,ponto08,Psalidodon gr. fasciatus,32,26.2,0.335
991,8,ponto08,Psalidodon gr. fasciatus,27.5,22.9,0.1959
992,8,ponto08,Psalidodon gr. fasciatus,69.1,57.6,4.2683
993,8,ponto08,Psalidodon gr. fasciatus,23.2,19.8,0.1467
994,8,ponto08,Psalidodon gr. fasciatus,19.2,15.7,0.0741
995,8,ponto08,Psalidodon gr. fasciatus,21.6,18.9,0.1162
996,8,ponto08,Psalidodon gr. fasciatus,72.5,59.7,4.2635
997,8,ponto08,Psalidodon gr. fasciatus,69.6,56.8,3.3831
998,8,ponto08,Psalidodon gr. fasciatus,64.1,52.3,2.8932
999,8,ponto08,Psalidodon gr. fasciatus,19.7,16.1,0.077
1000,8,ponto08,Psalidodon gr. fasciatus,17.9,15.4,0.0602
1001,8,ponto08,Psalidodon gr. fasciatus,89.5,76.2,9.8174
1002,13,ponto13,Psalidodon gr. fasciatus,33.4,27.7,0.3672
1003,13,ponto13,Psalidodon gr. fasciatus,45.9,38.1,0.8566
1004,13,ponto13,Psalidodon gr. fasciatus,87.6,71.9,7.7473
1005,13,ponto13,Psalidodon gr. fasciatus,28.4,23.5,0.2327
1006,13,ponto13,Psalidodon gr. fasciatus,36.7,30.7,0.5001
1007,13,ponto13,Psalidodon gr. fasciatus,33.7,28.2,0.3943
1008,13,ponto13,Psalidodon gr. fasciatus,55.4,46.1,2.0036
1009,13,ponto13,Psalidodon gr. fasciatus,56.8,46.4,1.859
1010,13,ponto13,Psalidodon gr. fasciatus,30.2,25.2,0.2946
1011,13,ponto13,Psalidodon gr. fasciatus,33,27,0.3329
1012,13,ponto13,Psalidodon gr. fasciatus,25,20.3,0.1423
1013,13,ponto13,Psalidodon gr. fasciatus,30.3,25.5,0.2804
1014,13,ponto13,Psalidodon gr. fasciatus,89.4,74.4,9.5552
1015,13,ponto13,Psalidodon gr. fasciatus,84.2,72.7,7.6123
1016,13,ponto13,Psalidodon gr. fasciatus,72.7,60.2,4.7119
1017,13,ponto13,Psalidodon gr. fasciatus,19.2,15.9,0.0775
1018,20,ponto20,Psalidodon gr. fasciatus,31.5,26.2,0.342
1019,20,ponto20,Psalidodon gr. fasciatus,68.7,57.7,4.6483
1020,20,ponto20,Psalidodon gr. fasciatus,42.6,35.4,0.7915
1021,20,ponto20,Psalidodon gr. fasciatus,62.8,53.5,3.4937
1022,20,ponto20,Psalidodon gr. fasciatus,44.1,36.4,0.8907
1023,20,ponto20,Psalidodon gr. fasciatus,36,29.9,0.4932
1024,20,ponto20,Psalidodon gr. fasciatus,30.4,25.8,0.3071
1025,20,ponto20,Psalidodon gr. fasciatus,41,33.3,0.6607
1026,20,ponto20,Psalidodon gr. fasciatus,67.4,55.5,3.4686
1027,20,ponto20,Psalidodon gr. fasciatus,35.2,29.1,0.4883
1028,20,ponto20,Psalidodon gr. fasciatus,45.8,37,1.0395
1029,20,ponto20,Psalidodon gr. fasciatus,52.1,43.9,1.544
1030,20,ponto20,Psalidodon gr. fasciatus,73.3,61,5.1695
1031,20,ponto20,Psalidodon gr. fasciatus,41.7,34.5,0.7584
1032,20,ponto20,Psalidodon gr. fasciatus,61.8,50.3,2.4158
1033,20,ponto20,Psalidodon gr. fasciatus,26.6,21.8,0.1894
1034,20,ponto20,Psalidodon gr. fasciatus,70.9,61.2,4.518
1035,20,ponto20,Psalidodon gr. fasciatus,69.8,60.1,4.5301
1036,20,ponto20,Psalidodon gr. fasciatus,47.8,39.9,1.2641
1037,20,ponto20,Psalidodon gr. fasciatus,26.6,22.3,0.2136
1038,14,ponto14,Psalidodon gr. fasciatus,56.9,47.7,2.4081
1039,14,ponto14,Psalidodon gr. fasciatus,47,39.2,1.119
1040,14,ponto14,Psalidodon gr. fasciatus,70.5,59.8,4.3461
1041,14,ponto14,Psalidodon gr. fasciatus,50.8,41.9,1.5858
1042,14,ponto14,Psalidodon gr. fasciatus,52.4,44.2,1.9352
1043,14,ponto14,Psalidodon gr. fasciatus,55.9,48.5,2.003
1044,14,ponto14,Psalidodon gr. fasciatus,70.1,59.8,4.9471
1045,14,ponto14,Psalidodon gr. fasciatus,54.9,46.4,2.118
1046,14,ponto14,Psalidodon gr. fasciatus,60,50.3,2.9146
1047,14,ponto14,Psalidodon gr. fasciatus,45.4,38.3,1.1673
1048,14,ponto14,Psalidodon gr. fasciatus,41,35.2,0.8408
1049,14,ponto14,Psalidodon gr. fasciatus,74.2,63.7,5.6826
1050,14,ponto14,Psalidodon gr. fasciatus,59.5,50.1,2.5419
1051,14,ponto14,Psalidodon gr. fasciatus,51.6,43.8,1.8028
1052,14,ponto14,Psalidodon gr. fasciatus,59.7,50.3,2.8033
1053,14,ponto14,Psalidodon gr. fasciatus,77.5,65.2,6.6386
1054,14,ponto14,Psalidodon gr. fasciatus,66.1,56,3.3603
1055,14,ponto14,Psalidodon gr. fasciatus,56.9,46.2,1.8088
1056,14,ponto14,Psalidodon gr. fasciatus,78.3,65.1,7.2522
1057,42,ponto42,Psalidodon gr. fasciatus,50.7,41.9,1.3419
1058,42,ponto42,Psalidodon gr. fasciatus,42.8,35.5,0.8443
1059,42,ponto42,Psalidodon gr. fasciatus,52.1,43.2,1.5664
1060,42,ponto42,Psalidodon gr. fasciatus,43,35.5,0.8826
1061,42,ponto42,Psalidodon gr. fasciatus,51.4,42.6,1.6215
1062,42,ponto42,Psalidodon gr. fasciatus,43,36.4,0.971
1063,42,ponto42,Psalidodon gr. fasciatus,51.7,43,1.5765
1064,42,ponto42,Psalidodon gr. fasciatus,55.2,46.3,2.1472
1065,42,ponto42,Psalidodon gr. fasciatus,63.6,53.6,3.0948
1066,42,ponto42,Psalidodon gr. fasciatus,52.3,43.1,1.5752
1067,42,ponto42,Psalidodon gr. fasciatus,51.4,42.2,1.4022
1068,42,ponto42,Psalidodon gr. fasciatus,55.1,45.7,2.0244
1069,42,ponto42,Psalidodon gr. fasciatus,67.4,56.4,3.3427
1070,42,ponto42,Psalidodon gr. fasciatus,60.1,49.8,2.816
1071,42,ponto42,Psalidodon gr. fasciatus,44,35.9,0.9453
1072,42,ponto42,Psalidodon gr. fasciatus,31.8,26,0.3373
1073,42,ponto42,Psalidodon gr. fasciatus,41.1,33.9,0.7421
1074,42,ponto42,Psalidodon gr. fasciatus,43.5,35.7,0.8025
1075,42,ponto42,Psalidodon gr. fasciatus,57.3,46.4,2.2559
1076,42,ponto42,Psalidodon gr. fasciatus,35.6,30,0.5093
1077,42,ponto42,Psalidodon gr. fasciatus,49.7,40.7,1.2974
1078,42,ponto42,Psalidodon gr. fasciatus,48.1,40.1,1.3035
1079,42,ponto42,Psalidodon gr. fasciatus,33.6,28.8,0.4818
1080,37,ponto37,Psalidodon gr. fasciatus,29.5,24.6,0.2313
1081,37,ponto37,Psalidodon gr. fasciatus,57.5,48.5,2.2089
1082,37,ponto37,Psalidodon gr. fasciatus,51.6,42.2,1.5052
1083,37,ponto37,Psalidodon gr. fasciatus,40,32.6,0.6762
1084,37,ponto37,Psalidodon gr. fasciatus,58.4,48.6,2.3659
1085,37,ponto37,Psalidodon gr. fasciatus,32.7,26.9,0.3292
1086,37,ponto37,Psalidodon gr. fasciatus,42.6,34.7,0.83
1087,37,ponto37,Psalidodon gr. fasciatus,39.1,31.9,0.5602
1088,37,ponto37,Psalidodon gr. fasciatus,61.1,51.1,2.9304
1089,37,ponto37,Psalidodon gr. fasciatus,46.3,38.4,1.0848
1090,37,ponto37,Psalidodon gr. fasciatus,32.7,26.7,0.3377
1091,37,ponto37,Psalidodon gr. fasciatus,33.2,27.9,0.4258
1092,37,ponto37,Psalidodon gr. fasciatus,47.2,38.7,1.1019
1093,37,ponto37,Psalidodon gr. fasciatus,43.8,35.7,0.7845
1094,37,ponto37,Psalidodon gr. fasciatus,51.2,42.2,1.5824
1095,37,ponto37,Psalidodon gr. fasciatus,31.4,25.6,0.318
1096,37,ponto37,Psalidodon gr. fasciatus,62.5,51.8,2.5632
1097,37,ponto37,Psalidodon gr. fasciatus,35.5,29.1,0.4458
1098,37,ponto37,Psalidodon gr. fasciatus,36.5,30.8,0.5124
1099,37,ponto37,Psalidodon gr. fasciatus,43.1,35.3,0.6792
1100,37,ponto37,Psalidodon gr. fasciatus,33.1,26.8,0.3353
1101,37,ponto37,Psalidodon gr. fasciatus,39.1,33.2,0.7018
1102,37,ponto37,Psalidodon gr. fasciatus,36.2,30.3,0.5355
1103,37,ponto37,Psalidodon gr. fasciatus,37.8,31.2,0.5864
1104,37,ponto37,Psalidodon gr. fasciatus,47.2,38.4,1.0264
1105,37,ponto37,Psalidodon gr. fasciatus,27.8,22.7,0.2028
1106,37,ponto37,Psalidodon gr. fasciatus,43.8,36.4,0.9408
1107,37,ponto37,Psalidodon gr. fasciatus,37.6,31.7,0.6384
1108,37,ponto37,Psalidodon gr. fasciatus,30.5,25.7,0.3172
1109,37,ponto37,Psalidodon gr. fasciatus,35.5,29.4,0.3985
1110,37,ponto37,Psalidodon gr. fasciatus,36,29.9,0.4764
1111,37,ponto37,Psalidodon gr. fasciatus,31,25.7,0.3005
1112,37,ponto37,Psalidodon gr. fasciatus,29.4,23.7,0.202
1113,37,ponto37,Psalidodon gr. fasciatus,30.3,25.5,0.2846
1114,37,ponto37,Psalidodon gr. fasciatus,29.8,24.8,0.2527
1115,37,ponto37,Psalidodon gr. fasciatus,31.8,26.5,0.3326
1116,37,ponto37,Psalidodon gr. fasciatus,29,24.1,0.2577
1117,37,ponto37,Psalidodon gr. fasciatus,62.1,52.2,3.06
1118,37,ponto37,Psalidodon gr. fasciatus,29.1,23.9,0.2681
1119,37,ponto37,Psalidodon gr. fasciatus,36.5,30.2,0.4992
1120,37,ponto37,Psalidodon gr. fasciatus,31.7,25.2,0.311
1121,37,ponto37,Psalidodon gr. fasciatus,35.3,29.3,0.4726
1122,37,ponto37,Psalidodon gr. fasciatus,27.6,22.9,0.2173
1123,37,ponto37,Psalidodon gr. fasciatus,28.9,24.3,0.2485
1124,37,ponto37,Psalidodon gr. fasciatus,24.2,20.3,0.1833
1125,37,ponto37,Psalidodon gr. fasciatus,21.8,19.3,0.1105
1126,37,ponto37,Psalidodon gr. fasciatus,59,49.5,2.3257
1127,37,ponto37,Psalidodon gr. fasciatus,70.4,56.9,3.7191
1128,25,ponto25,Psalidodon gr. fasciatus,41.6,33.9,0.5464
1129,25,ponto25,Psalidodon gr. fasciatus,41.9,34,0.5861
1130,25,ponto25,Psalidodon gr. fasciatus,48,39.1,0.8563
1131,25,ponto25,Psalidodon gr. fasciatus,58.7,46.8,1.7398
1132,25,ponto25,Psalidodon gr. fasciatus,59,47.6,1.8016
1133,25,ponto25,Psalidodon gr. fasciatus,40.6,32.6,0.5178
1134,25,ponto25,Psalidodon gr. fasciatus,31.4,25.9,0.2392
1135,25,ponto25,Psalidodon gr. fasciatus,36.2,29.2,0.3651
1136,25,ponto25,Psalidodon gr. fasciatus,60.5,48.2,1.9343
1137,25,ponto25,Psalidodon gr. fasciatus,40.7,32.5,0.4982
1138,25,ponto25,Psalidodon gr. fasciatus,38.7,31.3,0.5116
1139,25,ponto25,Psalidodon gr. fasciatus,43.7,35.2,0.6369
1140,25,ponto25,Psalidodon gr. fasciatus,43.6,35.4,0.6391
1141,25,ponto25,Psalidodon gr. fasciatus,70.5,58.1,3.5215
1142,25,ponto25,Psalidodon gr. fasciatus,81.1,66.4,5.1917
1143,25,ponto25,Psalidodon gr. fasciatus,91.6,75.8,7.798
1144,25,ponto25,Psalidodon gr. fasciatus,66.3,52.7,2.5159
1145,25,ponto25,Psalidodon gr. fasciatus,62.3,49.7,1.6919
1146,25,ponto25,Psalidodon gr. fasciatus,28,22.5,0.1885
1147,25,ponto25,Psalidodon gr. fasciatus,50.7,41.9,1.3969
1148,25,ponto25,Psalidodon gr. fasciatus,51.3,41.5,1.2022
1149,25,ponto25,Psalidodon gr. fasciatus,37.4,30.3,0.3962
1150,25,ponto25,Psalidodon gr. fasciatus,30.4,24.7,0.2478
1151,25,ponto25,Psalidodon gr. fasciatus,31.3,25.8,0.2597
1152,25,ponto25,Psalidodon gr. fasciatus,40.6,33.4,0.4751
1153,25,ponto25,Psalidodon gr. fasciatus,27.6,23,0.1834
1154,25,ponto25,Psalidodon gr. fasciatus,47.2,38.3,0.8725
1155,25,ponto25,Psalidodon gr. fasciatus,39.1,31.7,0.5069
1156,25,ponto25,Psalidodon gr. fasciatus,27.5,22.9,0.1846
1157,25,ponto25,Psalidodon gr. fasciatus,29.3,24.1,0.2062
1158,25,ponto25,Psalidodon gr. fasciatus,30.9,25.3,0.2414
1159,25,ponto25,Psalidodon gr. fasciatus,70.9,60.4,3.6514
1160,25,ponto25,Psalidodon gr. fasciatus,40.6,32.5,0.5441
1161,25,ponto25,Psalidodon gr. fasciatus,27.1,22.9,0.1914
1162,25,ponto25,Psalidodon gr. fasciatus,23.8,20.4,0.1358
1163,25,ponto25,Psalidodon gr. fasciatus,28.5,24.4,0.2026
1164,25,ponto25,Psalidodon gr. fasciatus,20.8,18,0.0989
1165,25,ponto25,Psalidodon gr. fasciatus,30,24.8,0.2125
1166,25,ponto25,Psalidodon gr. fasciatus,71.4,58.8,3.4634
1167,25,ponto25,Psalidodon gr. fasciatus,32,26.2,0.2659
1168,25,ponto25,Psalidodon gr. fasciatus,29.3,24.2,0.1929
1169,25,ponto25,Psalidodon gr. fasciatus,25.2,22,0.1345
1170,25,ponto25,Psalidodon gr. fasciatus,26.5,22.2,0.1797
1171,41,ponto41,Poecilia reticulata,23.2,18.4,0.1314
1172,41,ponto41,Poecilia reticulata,21.6,18,0.1078
1173,41,ponto41,Poecilia reticulata,25.5,20.5,0.2061
1174,41,ponto41,Poecilia reticulata,26.8,21.1,0.1954
1175,41,ponto41,Poecilia reticulata,21.4,16.9,0.0897
1176,41,ponto41,Poecilia reticulata,25.4,20.1,0.1598
1177,41,ponto41,Poecilia reticulata,22.3,17.7,0.1182
1178,41,ponto41,Poecilia reticulata,24.4,18.8,0.137
1179,41,ponto41,Poecilia reticulata,26.1,21,0.2144
1180,41,ponto41,Poecilia reticulata,19.4,15.8,0.0775
1181,41,ponto41,Poecilia reticulata,20.2,16.2,0.0885
1182,41,ponto41,Poecilia reticulata,23.6,17.9,0.1099
1183,41,ponto41,Poecilia reticulata,24.2,19,0.1267
1184,41,ponto41,Poecilia reticulata,21.9,17.6,0.0949
1185,41,ponto41,Poecilia reticulata,21.1,16,0.0911
1186,41,ponto41,Poecilia reticulata,22.3,17.2,0.1037
1187,41,ponto41,Poecilia reticulata,25.3,20.5,0.1752
1188,41,ponto41,Poecilia reticulata,18.6,14.6,0.0686
1189,41,ponto41,Poecilia reticulata,22.2,18,0.1287
1190,41,ponto41,Poecilia reticulata,20,16.1,0.0851
1191,41,ponto41,Poecilia reticulata,20.9,16.8,0.0988
1192,41,ponto41,Poecilia reticulata,20.3,16.4,0.0898
1193,41,ponto41,Poecilia reticulata,22.4,17.5,0.1003
1194,41,ponto41,Poecilia reticulata,17.8,13.6,0.0579
1195,41,ponto41,Poecilia reticulata,18.8,14.2,0.0672
1196,41,ponto41,Poecilia reticulata,22,17,0.0994
1197,41,ponto41,Poecilia reticulata,29.8,23.3,0.2409
1198,41,ponto41,Poecilia reticulata,19.1,16.9,0.0854
1199,41,ponto41,Poecilia reticulata,33.1,25.9,0.3339
1200,41,ponto41,Poecilia reticulata,32.4,25.8,0.3124
1201,41,ponto41,Poecilia reticulata,35.6,28.8,0.5224
1202,33,ponto33,Knodus moenkhausii,34.4,27.7,0.3035
1203,33,ponto33,Knodus moenkhausii,28.4,24.5,0.1915
1204,33,ponto33,Knodus moenkhausii,37.3,30.7,0.3737
1205,33,ponto33,Knodus moenkhausii,36.4,29.2,0.312
1206,33,ponto33,Knodus moenkhausii,30.6,24.9,0.2533
1207,33,ponto33,Knodus moenkhausii,31.9,25.9,0.2577
1208,33,ponto33,Knodus moenkhausii,32,26.1,0.2468
1209,33,ponto33,Knodus moenkhausii,28,25,0.2127
1210,33,ponto33,Knodus moenkhausii,32.7,26.9,0.2854
1211,33,ponto33,Knodus moenkhausii,43.1,34.8,0.57
1212,33,ponto33,Knodus moenkhausii,32.2,25.9,0.2326
1213,33,ponto33,Knodus moenkhausii,41.8,34.2,0.6423
1214,33,ponto33,Knodus moenkhausii,36.1,29.8,0.3491
1215,33,ponto33,Knodus moenkhausii,39.6,32.9,0.5586
1216,33,ponto33,Knodus moenkhausii,32.7,26.2,0.2527
1217,33,ponto33,Knodus moenkhausii,30,24.6,0.2087
1218,33,ponto33,Knodus moenkhausii,44.1,35.9,0.6939
1219,33,ponto33,Knodus moenkhausii,29.7,24.4,0.2092
1220,33,ponto33,Knodus moenkhausii,30,27.3,0.2827
1221,33,ponto33,Knodus moenkhausii,25.7,21.2,0.1537
1222,33,ponto33,Knodus moenkhausii,29.9,24.2,0.2125
1223,33,ponto33,Knodus moenkhausii,30.6,25.7,0.2254
1224,33,ponto33,Knodus moenkhausii,31.1,24.9,0.2561
1225,33,ponto33,Knodus moenkhausii,27.2,22.6,0.1664
1226,33,ponto33,Knodus moenkhausii,30.3,24.6,0.2222
1227,33,ponto33,Knodus moenkhausii,30,25.1,0.2314
1228,33,ponto33,Knodus moenkhausii,34.7,28.5,0.2686
1229,33,ponto33,Knodus moenkhausii,41.4,33.9,0.6009
1230,33,ponto33,Knodus moenkhausii,25.7,22.1,0.1499
1231,33,ponto33,Knodus moenkhausii,24.7,20.3,0.1005
1232,33,ponto33,Knodus moenkhausii,45.7,37.6,0.8309
1233,33,ponto33,Knodus moenkhausii,29.3,24.1,0.2096
1234,33,ponto33,Knodus moenkhausii,29.6,24,0.2113
1235,33,ponto33,Knodus moenkhausii,26.8,21.7,0.1635
1236,33,ponto33,Knodus moenkhausii,36.9,30.3,0.398
1237,33,ponto33,Knodus moenkhausii,26.1,21.5,0.1349
1238,33,ponto33,Knodus moenkhausii,33,26.6,0.2652
1239,33,ponto33,Knodus moenkhausii,32.4,26.7,0.2664
1240,33,ponto33,Knodus moenkhausii,45.7,37.7,0.9409
1241,33,ponto33,Knodus moenkhausii,40.3,32.7,0.568
1242,33,ponto33,Knodus moenkhausii,37.8,30.9,0.413
1243,33,ponto33,Knodus moenkhausii,46.2,36.8,0.823
1244,33,ponto33,Knodus moenkhausii,49.3,40.4,0.8675
1245,33,ponto33,Knodus moenkhausii,48.2,38.8,1.0287
1246,33,ponto33,Knodus moenkhausii,24.5,20.2,0.123
1247,33,ponto33,Knodus moenkhausii,42.1,34.7,0.574
1248,33,ponto33,Knodus moenkhausii,27.3,22.3,0.1393
1249,33,ponto33,Knodus moenkhausii,26.2,21.5,0.147
1250,33,ponto33,Knodus moenkhausii,44.8,36.9,0.727
1251,33,ponto33,Knodus moenkhausii,29.3,24.5,0.1957
1252,33,ponto33,Knodus moenkhausii,44,37.1,0.679
1253,33,ponto33,Knodus moenkhausii,29.8,25.1,0.2242
1254,33,ponto33,Knodus moenkhausii,27.8,22.8,0.1937
1255,33,ponto33,Knodus moenkhausii,28.4,23.3,0.1756
1256,33,ponto33,Knodus moenkhausii,28.6,23.5,0.186
1257,33,ponto33,Knodus moenkhausii,46.8,37.1,0.8323
1258,33,ponto33,Knodus moenkhausii,28.8,23.6,0.2154
1259,33,ponto33,Knodus moenkhausii,31.4,25.5,0.2197
1260,33,ponto33,Knodus moenkhausii,31.2,25.4,0.1964
1261,33,ponto33,Knodus moenkhausii,29,24,0.1898
1262,33,ponto33,Knodus moenkhausii,27.6,23.1,0.1812
1263,33,ponto33,Knodus moenkhausii,30.6,25.2,0.2358
1264,33,ponto33,Knodus moenkhausii,32.6,26.7,0.2736
1265,33,ponto33,Knodus moenkhausii,25.1,20.4,0.1471
1266,33,ponto33,Knodus moenkhausii,46,37.9,0.7502
1267,33,ponto33,Knodus moenkhausii,46.7,37.4,0.8021
1268,33,ponto33,Knodus moenkhausii,48.5,39.7,0.8777
1269,33,ponto33,Knodus moenkhausii,44.3,36,0.6912
1270,33,ponto33,Knodus moenkhausii,47.3,38.7,0.9642
1271,7,ponto07,Phalloceros harpagos,31,24.8,0.3025
1272,7,ponto07,Phalloceros harpagos,29.2,23.2,0.2532
1273,7,ponto07,Phalloceros harpagos,33.1,26.6,0.3132
1274,7,ponto07,Phalloceros harpagos,21.8,17.3,0.0854
1275,7,ponto07,Phalloceros harpagos,33.8,27.1,0.3706
1276,7,ponto07,Phalloceros harpagos,27.1,21.7,0.1722
1277,7,ponto07,Phalloceros harpagos,26.5,22,0.1734
1278,7,ponto07,Phalloceros harpagos,28.6,22.9,0.1922
1279,7,ponto07,Phalloceros harpagos,28.9,23.5,0.2426
1280,7,ponto07,Phalloceros harpagos,24.2,19.3,0.148
1281,7,ponto07,Phalloceros harpagos,26.6,21.6,0.1689
1282,7,ponto07,Phalloceros harpagos,32.8,25.6,0.3465
1283,7,ponto07,Phalloceros harpagos,33,26.4,0.3548
1284,7,ponto07,Phalloceros harpagos,32.9,26.4,0.3644
1285,7,ponto07,Phalloceros harpagos,23.8,19,0.1135
1286,7,ponto07,Phalloceros harpagos,24.7,20.1,0.1468
1287,7,ponto07,Phalloceros harpagos,27.9,23.2,0.235
1288,7,ponto07,Phalloceros harpagos,30.2,23.9,0.2936
1289,7,ponto07,Phalloceros harpagos,28.1,23,0.1716
1290,7,ponto07,Phalloceros harpagos,28.6,22.6,0.2437
1291,7,ponto07,Phalloceros harpagos,31.5,26.3,0.3153
1292,7,ponto07,Phalloceros harpagos,23.5,18.9,0.1158
1293,7,ponto07,Phalloceros harpagos,39.6,31.7,0.5199
1294,7,ponto07,Phalloceros harpagos,31.9,25.9,0.3473
1295,7,ponto07,Phalloceros harpagos,31.8,25.8,0.3308
1296,7,ponto07,Phalloceros harpagos,22,18.3,0.106
1297,7,ponto07,Phalloceros harpagos,16.8,13.1,0.0436
1298,7,ponto07,Phalloceros harpagos,28.2,22.4,0.182
1299,7,ponto07,Phalloceros harpagos,15.8,13.8,0.0467
1300,7,ponto07,Phalloceros harpagos,19.3,15,0.0722
1301,7,ponto07,Phalloceros harpagos,29.5,23.3,0.2585
1302,7,ponto07,Phalloceros harpagos,23.5,18.8,0.1173
1303,7,ponto07,Phalloceros harpagos,29,23.3,0.2338
1304,7,ponto07,Phalloceros harpagos,33.2,26.4,0.3661
1305,7,ponto07,Phalloceros harpagos,27.2,21.9,0.1705
1306,7,ponto07,Phalloceros harpagos,30.8,24.5,0.2857
1307,7,ponto07,Phalloceros harpagos,28,22.5,0.1864
1308,7,ponto07,Phalloceros harpagos,30.4,24.5,0.286
1309,7,ponto07,Phalloceros harpagos,33.7,27.1,0.3885
1310,7,ponto07,Phalloceros harpagos,28.6,22.7,0.2399
1311,7,ponto07,Phalloceros harpagos,33.4,27.3,0.3537
1312,7,ponto07,Phalloceros harpagos,32.9,26.3,0.3434
1313,7,ponto07,Phalloceros harpagos,28.3,23.3,0.2165
1314,7,ponto07,Phalloceros harpagos,26,20.6,0.1648
1315,7,ponto07,Phalloceros harpagos,31.5,25.7,0.3103
1316,7,ponto07,Phalloceros harpagos,31.6,25.1,0.3095
1317,7,ponto07,Phalloceros harpagos,30.4,24.2,0.2506
1318,7,ponto07,Phalloceros harpagos,27.3,21.3,0.2008
1319,7,ponto07,Phalloceros harpagos,20.4,16.3,0.0813
1320,7,ponto07,Phalloceros harpagos,28.1,22.2,0.1951
1321,7,ponto07,Phalloceros harpagos,17.5,13.6,0.047
1322,7,ponto07,Phalloceros harpagos,25,20.2,0.1508
1323,7,ponto07,Phalloceros harpagos,26.1,21.9,0.1662
1324,7,ponto07,Phalloceros harpagos,24.5,20.1,0.1179
1325,7,ponto07,Phalloceros harpagos,16.6,14.1,0.0471
1326,7,ponto07,Phalloceros harpagos,32.3,26.3,0.3485
1327,7,ponto07,Phalloceros harpagos,27.8,22.1,0.2005
1328,7,ponto07,Phalloceros harpagos,19.2,15.1,0.059
1329,7,ponto07,Phalloceros harpagos,31.8,25.9,0.3008
1330,7,ponto07,Phalloceros harpagos,31.7,25.6,0.3233
1331,7,ponto07,Phalloceros harpagos,29.6,23.7,0.2626
1332,7,ponto07,Phalloceros harpagos,28.8,23.7,0.2702
1333,7,ponto07,Phalloceros harpagos,28.1,22.4,0.2006
1334,7,ponto07,Phalloceros harpagos,28.8,23.7,0.1943
1335,7,ponto07,Phalloceros harpagos,33.9,27.4,0.3677
1336,7,ponto07,Phalloceros harpagos,24.6,19.9,0.1472
1337,7,ponto07,Phalloceros harpagos,24.4,20.4,0.1315
1338,7,ponto07,Phalloceros harpagos,21.9,18,0.085
1339,7,ponto07,Phalloceros harpagos,24.4,20.3,0.1514
1340,7,ponto07,Phalloceros harpagos,22.5,19,0.0995
1341,7,ponto07,Phalloceros harpagos,25.8,21.4,0.1694
1342,7,ponto07,Phalloceros harpagos,26.3,21.3,0.1533
1343,7,ponto07,Phalloceros harpagos,25.6,20.4,0.1453
1344,7,ponto07,Phalloceros harpagos,23.9,19.9,0.1356
1345,7,ponto07,Phalloceros harpagos,24.9,20.4,0.1453
1346,7,ponto07,Phalloceros harpagos,27.7,22.5,0.1563
1347,7,ponto07,Phalloceros harpagos,24.4,19.3,0.1151
1348,7,ponto07,Phalloceros harpagos,27.1,22.2,0.2059
1349,7,ponto07,Phalloceros harpagos,19.5,15.8,0.0798
1350,7,ponto07,Phalloceros harpagos,22,18,0.0927
1351,7,ponto07,Phalloceros harpagos,22.9,19.9,0.1205
1352,7,ponto07,Phalloceros harpagos,21.6,17.1,0.0967
1353,7,ponto07,Phalloceros harpagos,22.2,17.2,0.1017
1354,7,ponto07,Phalloceros harpagos,23.6,18.6,0.1182
1355,7,ponto07,Phalloceros harpagos,22.6,19.3,0.0901
1356,7,ponto07,Phalloceros harpagos,22.6,18.8,0.1176
1357,7,ponto07,Phalloceros harpagos,23.7,18.5,0.1283
1358,7,ponto07,Phalloceros harpagos,24.1,19.6,0.1116
1359,7,ponto07,Phalloceros harpagos,20.8,16.7,0.0876
1360,7,ponto07,Phalloceros harpagos,20.8,17,0.0733
1361,7,ponto07,Phalloceros harpagos,21.3,17.2,0.0895
1362,7,ponto07,Phalloceros harpagos,21.3,17.6,0.0838
1363,7,ponto07,Phalloceros harpagos,21.3,18,0.0929
1364,7,ponto07,Phalloceros harpagos,24.6,19.1,0.1365
1365,7,ponto07,Phalloceros harpagos,21.7,16.8,0.0797
1366,7,ponto07,Phalloceros harpagos,18.3,15.6,0.073
1367,7,ponto07,Phalloceros harpagos,18.6,14.4,0.0579
1368,7,ponto07,Phalloceros harpagos,19.9,15.7,0.0703
1369,7,ponto07,Phalloceros harpagos,17.7,14.1,0.0514
1370,7,ponto07,Phalloceros harpagos,22.1,18.3,0.1232
1371,7,ponto07,Phalloceros harpagos,17.1,13.9,0.0496
1372,7,ponto07,Phalloceros harpagos,16.5,12.7,0.0454
1373,7,ponto07,Phalloceros harpagos,21.7,17.3,0.0888
1374,7,ponto07,Phalloceros harpagos,15.9,12.6,0.0341
1375,7,ponto07,Phalloceros harpagos,14.7,11.6,0.0295
1376,7,ponto07,Psalidodon gr. fasciatus,29.8,23.8,0.2407
1377,7,ponto07,Psalidodon gr. fasciatus,31.3,25.8,0.3258
1378,7,ponto07,Psalidodon gr. fasciatus,52.8,43.8,1.7832
1379,7,ponto07,Psalidodon gr. fasciatus,48.7,40.3,0.1942
1380,7,ponto07,Psalidodon gr. fasciatus,52.5,43.8,1.4542
1381,7,ponto07,Psalidodon gr. fasciatus,35.4,28.7,0.4409
1382,7,ponto07,Psalidodon gr. fasciatus,52.1,43.1,1.3691
1383,7,ponto07,Psalidodon gr. fasciatus,32.2,26.3,0.293
1384,7,ponto07,Psalidodon gr. fasciatus,55.3,45.8,1.9226
1385,7,ponto07,Psalidodon gr. fasciatus,59.6,49.7,2.8912
1386,7,ponto07,Psalidodon gr. fasciatus,44.8,36.9,0.9758
1387,7,ponto07,Psalidodon gr. fasciatus,34.4,28.5,0.4387
1388,7,ponto07,Psalidodon gr. fasciatus,24.8,20.1,0.1317
1389,7,ponto07,Psalidodon gr. fasciatus,28.9,23.7,0.2165
1390,7,ponto07,Psalidodon gr. fasciatus,27.3,23.1,0.2095
1391,7,ponto07,Psalidodon gr. fasciatus,48,39.8,1.2154
1392,7,ponto07,Psalidodon gr. fasciatus,28.7,23.2,0.2079
1393,7,ponto07,Psalidodon gr. fasciatus,21.6,17.6,0.0985
1394,7,ponto07,Psalidodon gr. fasciatus,26.8,22.4,0.1851
1395,7,ponto07,Psalidodon gr. fasciatus,30.4,24.8,0.2736
1396,7,ponto07,Psalidodon gr. fasciatus,26,21.1,0.1352
1397,7,ponto07,Psalidodon gr. fasciatus,33.4,27.4,0.3139
1398,7,ponto07,Psalidodon gr. fasciatus,31.6,25.6,0.2823
1399,7,ponto07,Psalidodon gr. fasciatus,56.7,47.3,1.9197
1400,7,ponto07,Psalidodon gr. fasciatus,48.7,39.9,1.1888
1401,7,ponto07,Psalidodon gr. fasciatus,21.4,18.3,0.1171
1402,7,ponto07,Psalidodon gr. fasciatus,28.6,24.9,0.261
1403,7,ponto07,Psalidodon gr. fasciatus,23.5,19.5,0.1249
1404,7,ponto07,Psalidodon gr. fasciatus,28.7,23.2,0.2007
1405,7,ponto07,Psalidodon gr. fasciatus,29.2,22.5,0.2086
1406,7,ponto07,Psalidodon gr. fasciatus,23.6,19.4,0.134
1407,7,ponto07,Psalidodon gr. fasciatus,29.2,23.9,0.2554
1408,7,ponto07,Psalidodon gr. fasciatus,20.1,16.6,0.0824
1409,7,ponto07,Psalidodon gr. fasciatus,21.2,17.5,0.0926
1410,7,ponto07,Psalidodon gr. fasciatus,18.9,15.4,0.0659
1411,7,ponto07,Psalidodon gr. fasciatus,16.2,13.6,0.0437
1412,7,ponto07,Psalidodon gr. fasciatus,15.3,12.8,0.0375
1413,7,ponto07,Psalidodon gr. fasciatus,20.2,16.3,0.0695
1414,7,ponto07,Psalidodon gr. fasciatus,15.2,12.6,0.0318
1415,4,ponto04,Psalidodon gr. fasciatus,63.7,52.2,2.7517
1416,4,ponto04,Psalidodon gr. fasciatus,31.9,26.7,0.3761
1417,4,ponto04,Psalidodon gr. fasciatus,47.8,39.5,1.3017
1418,4,ponto04,Psalidodon gr. fasciatus,51.9,42.6,1.4563
1419,4,ponto04,Psalidodon gr. fasciatus,25.4,21.8,0.1674
1420,4,ponto04,Psalidodon gr. fasciatus,26.6,21.5,0.1897
1421,4,ponto04,Psalidodon gr. fasciatus,28.8,23.2,0.229
1422,4,ponto04,Psalidodon gr. fasciatus,35.6,29.1,0.481
1423,4,ponto04,Psalidodon gr. fasciatus,23.2,19.1,0.1328
1424,4,ponto04,Psalidodon gr. fasciatus,37.4,31.1,0.5302
1425,4,ponto04,Psalidodon gr. fasciatus,22.7,19.1,0.1226
1426,4,ponto04,Psalidodon gr. fasciatus,20.7,17.2,0.0898
1427,4,ponto04,Psalidodon gr. fasciatus,23.7,20.4,0.1158
1428,4,ponto04,Psalidodon gr. fasciatus,22.5,19.1,0.1327
1429,4,ponto04,Psalidodon gr. fasciatus,24.9,20.9,0.1598
1430,4,ponto04,Psalidodon gr. fasciatus,23.7,19.4,0.1134
1431,4,ponto04,Psalidodon gr. fasciatus,60.1,49.8,2.5608
1432,4,ponto04,Psalidodon gr. fasciatus,71.6,59.5,4.6309
1433,43,ponto43,Hypostomus nigromaculatus,66.2,50.5,3.3891
1434,43,ponto43,Hypostomus nigromaculatus,43,32.6,0.9336
1435,43,ponto43,Creagrutus sp.,49.4,41.6,1.0663
1436,43,ponto43,Creagrutus sp.,56.6,47.9,1.4373
1437,43,ponto43,Psalidodon gr. fasciatus,60.1,48.9,1.7467
1438,43,ponto43,Psalidodon gr. fasciatus,54.3,44.9,1.3995
1439,43,ponto43,Characidium gomesi,59.9,51.5,1.756
1440,52,ponto52,Knodus cf. chapadae,42.6,36,0.6956
1441,52,ponto52,Knodus cf. chapadae,36.9,31.1,0.4405
1442,52,ponto52,Apareoidon machrisi,43,36.5,0.6554
1443,52,ponto52,Hypostomus cafuringa,44.2,32.7,0.9365
1444,52,ponto52,Moenkhausia cf. aurantia,52.6,42.6,1.3276
1445,52,ponto52,Moenkhausia cf. aurantia,48.8,40.8,0.9442
1446,52,ponto52,Moenkhausia cf. aurantia,53,42.1,1.3761
1447,52,ponto52,Moenkhausia cf. aurantia,39.8,31.8,0.5203
1448,51,ponto51,Hypostomus cafuringa,53.7,40.3,1.7527
1449,51,ponto51,Apareoidon machrisi,37.4,31.2,0.497
1450,51,ponto51,Apareoidon machrisi,45.2,39.2,0.8999
1451,51,ponto51,Astyanax cf. goyanensis,34.3,28.1,0.3938
1452,51,ponto51,Astyanax cf. goyanensis,29.3,24.2,0.2334
1453,51,ponto51,Astyanax cf. goyanensis,34.6,28.7,0.4097
1454,51,ponto51,Astyanax cf. goyanensis,25.8,20.5,0.1457
1455,51,ponto51,Astyanax cf. goyanensis,56.1,46.6,1.8654
1456,51,ponto51,Ancistrus aguaboensis,53.6,40.9,2.19
1457,51,ponto51,Ancistrus aguaboensis,45.6,35.6,1.3185
1458,51,ponto51,Characidium fasciatum,44.5,36.8,0.6312
1459,51,ponto51,Characidium fasciatum,41.1,34.8,0.4875
1460,51,ponto51,Characidium fasciatum,36.7,30.9,0.3119
1461,51,ponto51,Characidium fasciatum,38.8,32.4,0.4673
1462,51,ponto51,Corumbataia tocantinensis,45,37.5,0.8014
1463,47,ponto47,Creagrutus cf. atrisignum,36.6,30.7,0.4136
1464,47,ponto47,Creagrutus cf. atrisignum,35.4,30.6,0.3915
1465,47,ponto47,Creagrutus cf. atrisignum,41.8,35.9,0.5933
1466,47,ponto47,Knodus cf. chapadae,48.9,41.2,0.9569
1467,47,ponto47,Knodus cf. chapadae,33.6,27.9,0.2641
1468,47,ponto47,Characidium fasciatum,42.5,35.5,0.5245
1469,47,ponto47,Characidium fasciatum,44.6,37.5,0.5815
1470,47,ponto47,Characidium fasciatum,44.9,37.8,0.5418
1471,47,ponto47,Moenkhausia cf. aurantia,51.4,40.5,1.1394
1472,47,ponto47,Moenkhausia cf. aurantia,48.6,37.6,0.8581
1473,47,ponto47,Moenkhausia cf. aurantia,53.6,43.1,0.1884
1474,47,ponto47,Moenkhausia cf. aurantia,42.5,33.2,0.5439
1475,47,ponto47,Moenkhausia cf. aurantia,50.9,40.5,1.0241
1476,47,ponto47,Moenkhausia cf. aurantia,49.6,39.5,0.9174
1477,49,ponto49,Corumbataia tocantinensis,44.5,35.7,0.5953
1478,49,ponto49,Corumbataia tocantinensis,43,34.9,0.6325
1479,49,ponto49,Astyanax cf. goyanensis,30.4,24.2,0.235
1480,49,ponto49,Astyanax cf. goyanensis,38.4,31.1,0.4836
1481,49,ponto49,Astyanax cf. goyanensis,63.5,51.9,2.3654
1482,49,ponto49,Astyanax cf. goyanensis,44.2,36.1,0.721
1483,49,ponto49,Ancistrus aguaboensis,32.2,24.5,0.3094
1484,49,ponto49,Knodus cf. chapadae,45.6,37.3,0.6701
1485,49,ponto49,Knodus cf. chapadae,40.3,33.2,0.462
1486,49,ponto49,Knodus cf. chapadae,42.8,36.4,0.6258
1487,49,ponto49,Knodus cf. chapadae,48.1,38.6,0.7931
1488,49,ponto49,Knodus cf. chapadae,37.8,30.4,0.3711
1489,49,ponto49,Knodus cf. chapadae,39.4,32.4,0.4561
1490,49,ponto49,Knodus cf. chapadae,62.3,49.2,1.9504
1491,50,ponto50,Astyanax cf. goyanensis,54.2,44.8,1.3731
1492,50,ponto50,Astyanax cf. goyanensis,48.2,39.5,0.0935
1493,50,ponto50,Corumbataia tocantinensis,32.9,26.2,0.219
1494,50,ponto50,Corumbataia tocantinensis,49.3,38.7,0.979
1495,50,ponto50,Knodus cf. chapadae,57.7,47.7,1.3522
1496,50,ponto50,Knodus cf. chapadae,60,49.6,1.6039
1497,50,ponto50,Characidium fasciatum,39.3,32.8,0.3773
1498,50,ponto50,Characidium fasciatum,40.2,32.8,0.292
1499,50,ponto50,Characidium fasciatum,41.4,34.8,0.2721
1500,27,ponto27,Psalidodon gr. fasciatus,28.8,23.8,0.2209
1501,27,ponto27,Psalidodon gr. fasciatus,25.7,21.3,0.1837
1502,27,ponto27,Psalidodon gr. fasciatus,24.4,19.7,0.1485
1503,27,ponto27,Psalidodon gr. fasciatus,25.6,21.2,0.1519
1504,27,ponto27,Psalidodon gr. fasciatus,22.5,18.4,0.1017
1505,27,ponto27,Psalidodon gr. fasciatus,28.3,23.3,0.206
1506,27,ponto27,Psalidodon gr. fasciatus,25.1,20.6,0.1548
1507,27,ponto27,Psalidodon gr. fasciatus,24.1,20.5,0.1537
1508,27,ponto27,Psalidodon gr. fasciatus,23.7,19.7,0.1485
1509,27,ponto27,Psalidodon gr. fasciatus,20.6,16.7,0.0729
1510,27,ponto27,Psalidodon gr. fasciatus,24.1,19.6,0.1314
1511,27,ponto27,Psalidodon gr. fasciatus,21.8,16.8,0.0674
1512,27,ponto27,Psalidodon gr. fasciatus,20.3,18.4,0.1114
1513,27,ponto27,Psalidodon gr. fasciatus,31.4,26.7,0.3374
1514,27,ponto27,Psalidodon gr. fasciatus,30.2,25.1,0.2995
1515,2,ponto02,Hypostomus ancistroides,111.5,83.8,14.5401
1516,2,ponto02,Rhamdia quelen,97.4,81,7.8906
1517,2,ponto02,Ctenobrycon sp.,68.2,54.4,4.1097
1518,2,ponto02,Psalidodon gr. fasciatus,59.6,47.5,2.6042
1519,2,ponto02,Moenkhausia cf. aurantia,55.5,45.4,1.6676
1520,2,ponto02,Moenkhausia cf. aurantia,56.1,45.7,2.0664
1521,2,ponto02,Moenkhausia cf. aurantia,52.8,41.7,1.3151
1522,2,ponto02,Moenkhausia cf. aurantia,41,33.4,0.6971
1523,2,ponto02,Moenkhausia cf. aurantia,49.5,40.2,1.1091
1524,2,ponto02,Moenkhausia cf. aurantia,51.3,41.7,1.2196
1525,2,ponto02,Moenkhausia cf. aurantia,52.4,42.2,1.6898
1526,2,ponto02,Moenkhausia cf. aurantia,43.1,36.1,0.6379
1527,2,ponto02,Moenkhausia cf. aurantia,42.1,34.2,0.6144
1528,2,ponto02,Moenkhausia cf. aurantia,40.9,33.3,0.5088
1529,2,ponto02,Moenkhausia cf. aurantia,41.7,35.8,0.5752
1530,2,ponto02,Moenkhausia cf. aurantia,43.3,35.2,0.6197
1531,2,ponto02,Moenkhausia cf. aurantia,44.9,35.9,0.6574
1532,2,ponto02,Moenkhausia cf. aurantia,45.2,36.4,0.7398
1533,2,ponto02,Moenkhausia cf. aurantia,44.4,35.9,0.6831
1534,2,ponto02,Moenkhausia cf. aurantia,47.8,38.4,0.8392
1535,2,ponto02,Moenkhausia cf. aurantia,42.8,34.7,0.5512
1536,49,ponto49,Knodus cf. chapadae,40.8,33.7,0.5644
1537,49,ponto49,Knodus cf. chapadae,43.8,35.6,0.8032
1538,49,ponto49,Knodus cf. chapadae,51.5,46.2,1.472
1539,49,ponto49,Knodus cf. chapadae,37.1,30.4,0.473
1540,49,ponto49,Knodus cf. chapadae,45.9,38.3,0.9075
1541,49,ponto49,Knodus cf. chapadae,39.8,32.8,0.6117
1542,49,ponto49,Knodus cf. chapadae,37.8,31,0.4711
1543,49,ponto49,Knodus cf. chapadae,30.8,25.3,0.2725
1544,49,ponto49,Knodus cf. chapadae,38.9,31.7,0.5402
1545,49,ponto49,Knodus cf. chapadae,37.7,31.1,0.5062
1546,49,ponto49,Knodus cf. chapadae,33.3,26.7,0.305
1547,49,ponto49,Knodus cf. chapadae,60.6,50.4,2.3785
1548,49,ponto49,Knodus cf. chapadae,61.8,49.8,2.6228
1549,49,ponto49,Knodus cf. chapadae,23.2,19.4,0.1025
1550,49,ponto49,Knodus cf. chapadae,26.1,20.9,0.159
1551,49,ponto49,Knodus cf. chapadae,38.6,32.2,0.5126
1552,49,ponto49,Knodus cf. chapadae,38.1,31.2,0.5147
1553,49,ponto49,Knodus cf. chapadae,49.1,41.2,1.1065
1554,49,ponto49,Knodus cf. chapadae,80.2,66.7,5.8797
1555,49,ponto49,Knodus cf. chapadae,65.5,53.6,2.9242
1556,49,ponto49,Knodus cf. chapadae,56.6,46.7,1.9236
1557,49,ponto49,Knodus cf. chapadae,27.1,21.9,0.1663
1558,49,ponto49,Knodus cf. chapadae,20.5,17.4,0.0889
1559,49,ponto49,Knodus cf. chapadae,24.2,19.6,0.1008
1560,49,ponto49,Knodus cf. chapadae,19.8,16.5,0.0619
1561,10,ponto10,Phalloceros harpagos,30.7,24.5,0.2731
1562,10,ponto10,Phalloceros harpagos,37.8,29.2,0.4939
1563,10,ponto10,Phalloceros harpagos,36.2,28.2,0.4742
1564,10,ponto10,Phalloceros harpagos,28.3,22.3,0.2458
1565,10,ponto10,Phalloceros harpagos,25.1,19.8,0.14
1566,10,ponto10,Knodus moenkhausii,50.7,40.3,1.0936
1567,10,ponto10,Microlepidogaster longicolla,43.7,34.9,0.3831
1568,10,ponto10,Bryconamericus turiuba,54.5,45.3,1.4819
1569,10,ponto10,Bryconamericus turiuba,45.4,37.9,0.9356
1570,10,ponto10,Characidium onca,48.5,39.6,0.9732
1571,10,ponto10,Characidium onca,36.1,29.7,0.3745
1572,10,ponto10,Characidium onca,43.3,36.3,0.6681
1573,10,ponto10,Psalidodon gr. fasciatus,45.4,37.5,1.0627
1574,10,ponto10,Psalidodon gr. fasciatus,44.4,36.3,0.669
1575,10,ponto10,Psalidodon gr. fasciatus,42.5,34.9,0.7922
1576,10,ponto10,Psalidodon gr. fasciatus,66.3,54.3,2.9944
1577,10,ponto10,Psalidodon gr. fasciatus,40.7,33.2,0.6512
1578,10,ponto10,Psalidodon gr. fasciatus,61.3,48.9,2.2675
1579,10,ponto10,Psalidodon gr. fasciatus,73.4,59.7,4.5417
1580,10,ponto10,Psalidodon gr. fasciatus,91.2,75.1,9.4957
1581,31,ponto31,Psalidodon gr. fasciatus,57.4,46.5,1.9265
1582,31,ponto31,Psalidodon gr. fasciatus,47.6,38.2,1.1344
1583,31,ponto31,Psalidodon gr. fasciatus,58.9,46.9,1.7573
1584,31,ponto31,Psalidodon gr. fasciatus,68.2,55.7,3.3122
1585,31,ponto31,Psalidodon gr. fasciatus,44.9,36.5,1.0182
1586,31,ponto31,Psalidodon gr. fasciatus,43.6,35.2,0.947
1587,31,ponto31,Psalidodon gr. fasciatus,43.9,35.4,0.8671
1588,31,ponto31,Psalidodon gr. fasciatus,56.3,45.8,1.7763
1589,31,ponto31,Psalidodon gr. fasciatus,46.1,37.8,1.0726
1590,31,ponto31,Psalidodon gr. fasciatus,47.8,38.4,1.1651
1591,31,ponto31,Psalidodon gr. fasciatus,58.1,47.5,1.94
1592,31,ponto31,Psalidodon gr. fasciatus,62.4,50.9,2.3125
1593,31,ponto31,Psalidodon gr. fasciatus,62.9,51.3,2.7667
1594,31,ponto31,Psalidodon gr. fasciatus,61.4,50.1,2.5852
1595,31,ponto31,Psalidodon gr. fasciatus,57.1,46.7,1.9568
1596,31,ponto31,Psalidodon gr. fasciatus,62.9,50.9,2.584
1597,31,ponto31,Psalidodon gr. fasciatus,73.3,59.8,4.447
1598,31,ponto31,Psalidodon gr. fasciatus,55.2,45.3,1.8334
1599,31,ponto31,Psalidodon gr. fasciatus,58.2,46.8,1.8003
1600,31,ponto31,Psalidodon gr. fasciatus,60.7,49.5,2.1822
1601,31,ponto31,Psalidodon gr. fasciatus,65.8,53.9,3.1756
1602,31,ponto31,Psalidodon gr. fasciatus,62.9,52.1,2.5783
1603,31,ponto31,Psalidodon gr. fasciatus,72.3,58.9,4.1055
1604,31,ponto31,Psalidodon gr. fasciatus,64.5,51.7,2.7036
1605,31,ponto31,Psalidodon gr. fasciatus,71.5,58.2,4.3673
1606,31,ponto31,Psalidodon gr. fasciatus,74.3,61.3,5.187
1607,31,ponto31,Psalidodon gr. fasciatus,62.2,50,2.6818
1608,31,ponto31,Psalidodon gr. fasciatus,75.4,62.7,5.4421
1609,9,ponto09,Rhamdia quelen,123.3,102.5,15.6313
1610,9,ponto09,Hypostomus ancistroides,107,76.6,8.7382
1611,9,ponto09,Hypostomus ancistroides,78.4,57.6,4.099
1612,9,ponto09,Characidium gomesi,75.3,64.3,4.053
1613,9,ponto09,Hypostomus crulsi,20.7,15.4,0.0769
1614,9,ponto09,Moenkhausia cf. aurantia,39.6,31.4,0.5379
1615,9,ponto09,Neoplecostomus corumba,74.3,59.7,3.0882
1616,9,ponto09,Neoplecostomus corumba,90.3,74.3,6.4994
1617,9,ponto09,Neoplecostomus corumba,69,54.2,2.4432
1618,9,ponto09,Hypostomus sp.1,69.6,50.6,3.1979
1619,9,ponto09,Hypostomus sp.1,71.9,52.1,3.7178
1620,9,ponto09,Hypostomus sp.1,87.9,65.3,5.3023
1621,9,ponto09,Hypostomus sp.1,81.3,61.5,4.9725
1622,9,ponto09,Bryconamericus turiuba,39.6,33.6,0.5385
1623,9,ponto09,Bryconamericus turiuba,48.3,41.4,1.1057
1624,9,ponto09,Bryconamericus turiuba,50.4,42.5,1.4485
1625,9,ponto09,Phalloceros harpagos,20.3,15.7,0.0698
1626,9,ponto09,Phalloceros harpagos,14.3,11.5,0.0277
1627,9,ponto09,Phalloceros harpagos,15.5,12.5,0.0278
1628,9,ponto09,Phalloceros harpagos,14.7,11.6,0.0271
1629,9,ponto09,Psalidodon gr. fasciatus,60.3,49,2.6046
1630,9,ponto09,Psalidodon gr. fasciatus,55,44.4,1.8062
1631,9,ponto09,Psalidodon gr. fasciatus,58.5,46.4,2.2295
1632,9,ponto09,Psalidodon gr. fasciatus,47.8,42,1.4494
1633,9,ponto09,Poecilia reticulata,21.4,16.9,0.0762
1634,9,ponto09,Poecilia reticulata,14.2,10.9,0.0242
1635,9,ponto09,Poecilia reticulata,13.7,10.7,0.0183
1636,9,ponto09,Hasemania hanseni,35.7,28.6,0.3554
1637,9,ponto09,Hasemania hanseni,35.4,28.2,0.3704
1638,9,ponto09,Hasemania hanseni,28.6,22.5,0.204
1639,9,ponto09,Hasemania hanseni,35.4,28.4,0.3173
1640,9,ponto09,Hasemania hanseni,35.7,29.3,0.3357
1641,9,ponto09,Hasemania hanseni,36,28.5,0.3354
1642,9,ponto09,Hasemania hanseni,27.6,22.7,0.1819
1643,9,ponto09,Knodus moenkhausii,43.9,35.6,0.7094
1644,9,ponto09,Knodus moenkhausii,49.5,39.4,0.957
1645,9,ponto09,Knodus moenkhausii,34.4,27.7,0.2963
1646,9,ponto09,Knodus moenkhausii,44.9,35.9,0.7476
1647,9,ponto09,Knodus moenkhausii,46.3,37.2,0.7579
1648,9,ponto09,Knodus moenkhausii,42.1,34.3,0.6207
1649,9,ponto09,Knodus moenkhausii,36.3,28.8,0.3689
1650,9,ponto09,Knodus moenkhausii,44.6,35.3,0.7571
1651,9,ponto09,Knodus moenkhausii,38.3,31.1,0.4583
1652,9,ponto09,Knodus moenkhausii,51.5,42,1.1944
1653,9,ponto09,Knodus moenkhausii,36.3,29.2,0.4177
1654,9,ponto09,Knodus moenkhausii,49,3.8,1.145
1655,9,ponto09,Knodus moenkhausii,45.9,37.3,0.7588
1656,9,ponto09,Knodus moenkhausii,47.3,38.4,0.9209
1657,9,ponto09,Knodus moenkhausii,48,38.5,0.9518
1658,9,ponto09,Knodus moenkhausii,46.2,37.6,0.8467
1659,9,ponto09,Knodus moenkhausii,46.1,37.2,0.8365
1660,9,ponto09,Knodus moenkhausii,37.2,30.1,0.4179
1661,9,ponto09,Knodus moenkhausii,32.6,26,0.2584
1662,9,ponto09,Knodus moenkhausii,29.7,23.7,0.2029
1663,9,ponto09,Knodus moenkhausii,20.3,16.7,0.0714
1664,9,ponto09,Knodus moenkhausii,44.1,35.2,0.6301
1665,6,ponto06,Bryconamericus turiuba,58.3,48.1,1.6418
1666,6,ponto06,Characidium zebra,34.3,28.3,0.3183
1667,6,ponto06,Characidium onca,53.4,45.4,1.2151
1668,6,ponto06,Phalloceros harpagos,30.8,24.4,0.2403
1669,6,ponto06,Phalloceros harpagos,23.7,18.4,0.1173
1670,6,ponto06,Psalidodon gr. fasciatus,40,31.7,0.6322
1671,6,ponto06,Psalidodon gr. fasciatus,48.9,39.3,1.1351
1672,6,ponto06,Psalidodon gr. fasciatus,44.6,36.2,0.7725
1673,6,ponto06,Psalidodon gr. fasciatus,61.8,50.5,2.6428
1674,6,ponto06,Microlepidogaster longicolla,42.9,34.1,0.4461
1675,6,ponto06,Microlepidogaster longicolla,44.4,34.8,0.501
1676,6,ponto06,Microlepidogaster longicolla,46,37.4,0.6619
1677,6,ponto06,Microlepidogaster longicolla,41.9,32.9,0.435
1678,6,ponto06,Knodus moenkhausii,37.7,31.4,0.4682
1679,6,ponto06,Knodus moenkhausii,32,25.8,0.2333
1680,6,ponto06,Knodus moenkhausii,34.3,27.8,0.2944
1681,6,ponto06,Knodus moenkhausii,30.2,24.8,0.2229
1682,6,ponto06,Knodus moenkhausii,28.8,23.3,0.1673
1683,6,ponto06,Knodus moenkhausii,23.7,19.2,0.0865
1684,6,ponto06,Neoplecostomus corumba,66.9,53.3,2.221
1685,6,ponto06,Neoplecostomus corumba,77.3,61.7,3.8905
1686,6,ponto06,Neoplecostomus corumba,86.8,68.1,5.7538
1687,6,ponto06,Neoplecostomus corumba,77.9,60.4,3.488
1688,6,ponto06,Hypostomus crulsi,56.3,42.3,2.1268
1689,6,ponto06,Hypostomus crulsi,56.3,43.6,2.1849
1690,6,ponto06,Hypostomus crulsi,72.4,55.5,4.465
1691,6,ponto06,Hypostomus crulsi,101.7,74,11.2471
1692,27,ponto27,Gymnotus sylvius,69.4,65.5,1.5028
1693,27,ponto27,Gymnotus sylvius,84.5,76.3,1.9475
1694,27,ponto27,Gymnotus sylvius,74.8,68.2,1.3401
1695,27,ponto27,Gymnotus sylvius,105.1,92.6,3.6002
1696,43,ponto43,Hypostomus crulsi,64,47.1,3.2361
1697,43,ponto43,Hypostomus crulsi,79.3,59.3,5.2913
1698,43,ponto43,Hypostomus crulsi,67.5,52.2,3.802
1699,43,ponto43,Hypostomus crulsi,57.6,43.8,2.1574
1700,43,ponto43,Hypostomus crulsi,80.7,60.4,5.7742
1701,43,ponto43,Hypostomus crulsi,88.3,66.8,6.8028
1702,43,ponto43,Hypostomus crulsi,81.1,62.1,6.8142
1703,18,ponto18,Psalidodon gr. fasciatus,73.3,59.2,3.9632
1704,18,ponto18,Psalidodon gr. fasciatus,44.8,35.8,0.7357
1705,18,ponto18,Psalidodon gr. fasciatus,55.7,44.9,1.5294
1706,18,ponto18,Psalidodon gr. fasciatus,39.3,31.5,0.5643
1707,18,ponto18,Psalidodon gr. fasciatus,50.4,41,1.2893
1708,18,ponto18,Psalidodon gr. fasciatus,76.4,60.8,4.7664
1709,18,ponto18,Psalidodon gr. fasciatus,38.3,31.2,0.5305
1710,18,ponto18,Psalidodon gr. fasciatus,40.4,33,0.6031
1711,18,ponto18,Psalidodon gr. fasciatus,59.6,49.2,1.8527
1712,18,ponto18,Psalidodon gr. fasciatus,53.5,43.2,1.4613
1713,18,ponto18,Psalidodon gr. fasciatus,57.7,47.2,1.8623
1714,18,ponto18,Psalidodon gr. fasciatus,61.3,49.8,2.6511
1715,18,ponto18,Psalidodon gr. fasciatus,46.4,37.6,0.0539
1716,18,ponto18,Psalidodon gr. fasciatus,50.8,40.6,1.3124
1717,18,ponto18,Psalidodon gr. fasciatus,52,42.9,1.4465
1718,18,ponto18,Psalidodon gr. fasciatus,67.8,54.9,2.9824
1719,18,ponto18,Psalidodon gr. fasciatus,57.9,71.2,3.5884
1720,18,ponto18,Psalidodon gr. fasciatus,50.8,63.5,2.3277
1721,18,ponto18,Psalidodon gr. fasciatus,32.2,26.1,0.3083
1722,18,ponto18,Psalidodon gr. fasciatus,67.6,54.6,3.7187
1723,18,ponto18,Psalidodon gr. fasciatus,39.9,32.2,0.6593
1724,18,ponto18,Psalidodon gr. fasciatus,37.1,29.9,0.4344
1725,18,ponto18,Psalidodon gr. fasciatus,55.8,46.2,1.9551
1726,18,ponto18,Psalidodon gr. fasciatus,51.8,40.9,1.2319
1727,18,ponto18,Psalidodon gr. fasciatus,59.7,48.2,2.1774
1728,18,ponto18,Psalidodon gr. fasciatus,48.2,38.2,0.9635
1729,18,ponto18,Psalidodon gr. fasciatus,54,43.7,1.7377
1730,18,ponto18,Psalidodon gr. fasciatus,53.2,43.2,1.2784
1731,18,ponto18,Psalidodon gr. fasciatus,36.9,29.4,0.506
1732,18,ponto18,Psalidodon gr. fasciatus,47.8,37.8,0.998
1733,18,ponto18,Psalidodon gr. fasciatus,56.1,45.4,1.6083
1734,18,ponto18,Psalidodon gr. fasciatus,34.3,27.6,0.3647
1735,18,ponto18,Psalidodon gr. fasciatus,33.6,26.9,0.3724
1736,18,ponto18,Psalidodon gr. fasciatus,43.6,36.8,0.9916
1737,18,ponto18,Psalidodon gr. fasciatus,33.9,27.1,0.3734
1738,18,ponto18,Psalidodon gr. fasciatus,48.8,38.2,1.1196
1739,18,ponto18,Psalidodon gr. fasciatus,38.1,30.7,0.5181
1740,18,ponto18,Psalidodon gr. fasciatus,40.6,33.4,0.66
1741,18,ponto18,Psalidodon gr. fasciatus,46.8,37.7,0.9941
1742,18,ponto18,Psalidodon gr. fasciatus,62.7,51.1,2.6326
1743,18,ponto18,Psalidodon gr. fasciatus,33.2,26.9,0.3667
1744,18,ponto18,Psalidodon gr. fasciatus,33.2,26.6,0.3281
1745,18,ponto18,Psalidodon gr. fasciatus,60.1,49,2.0506
1746,18,ponto18,Psalidodon gr. fasciatus,70,56.1,3.979
1747,18,ponto18,Psalidodon gr. fasciatus,55.7,44.6,1.7
1748,18,ponto18,Psalidodon gr. fasciatus,59.5,49.1,2.0233
1749,18,ponto18,Psalidodon gr. fasciatus,73.1,59.3,4.1758
1750,18,ponto18,Psalidodon gr. fasciatus,54.6,45.4,1.831
1751,18,ponto18,Psalidodon gr. fasciatus,39.9,32.9,0.788
1752,18,ponto18,Psalidodon gr. fasciatus,52.6,42.7,1.3782
1753,18,ponto18,Psalidodon gr. fasciatus,29.9,24,2.2444
1754,18,ponto18,Psalidodon gr. fasciatus,26.2,23.2,0.2136
1755,18,ponto18,Psalidodon gr. fasciatus,60.6,49.6,2.4624
1756,18,ponto18,Psalidodon gr. fasciatus,63.6,52.5,2.3299
1757,18,ponto18,Psalidodon gr. fasciatus,51.7,42.5,1.253
1758,18,ponto18,Psalidodon gr. fasciatus,35.7,28,0.4781
1759,18,ponto18,Psalidodon gr. fasciatus,51.5,41.7,1.3741
1760,18,ponto18,Psalidodon gr. fasciatus,72.8,58.9,4.4557
1761,18,ponto18,Psalidodon gr. fasciatus,61.3,50.6,2.8231
1762,18,ponto18,Psalidodon gr. fasciatus,71.6,59.1,4.2507
1763,18,ponto18,Psalidodon gr. fasciatus,31.2,26.3,0.2946
1764,18,ponto18,Psalidodon gr. fasciatus,75.4,62,4.7706
1765,18,ponto18,Psalidodon gr. fasciatus,72,58.8,7.4527
1766,18,ponto18,Psalidodon gr. fasciatus,57,47.2,1.963
1767,18,ponto18,Psalidodon gr. fasciatus,63.7,51.8,2.6598
1768,18,ponto18,Microlepidogaster longicolla,20.9,18.5,0.064
